{"v":"5.7.4","fr":25,"ip":0,"op":399,"w":1000,"h":1000,"nm":"Circuls Animation","ddd":0,"assets":[{"id":"comp_0","layers":[{"ddd":0,"ind":1,"ty":4,"nm":"Layer 8","parent":3,"sr":1,"ks":{"o":{"a":1,"k":[{"i":{"x":[0.667],"y":[1]},"o":{"x":[0.333],"y":[0]},"t":167,"s":[100]},{"t":173,"s":[0]}],"ix":11},"r":{"a":0,"k":0,"ix":10},"p":{"a":0,"k":[0,0,0],"ix":2,"l":2},"a":{"a":0,"k":[0,0,0],"ix":1,"l":2},"s":{"a":0,"k":[100,100,100],"ix":6,"l":2}},"ao":0,"shapes":[{"ty":"gr","it":[{"ind":0,"ty":"sh","ix":1,"ks":{"a":0,"k":{"i":[[0,0],[0,0],[0,0]],"o":[[0,0],[0,0],[0,0]],"v":[[363.5,-7.5],[354.5,-20.5],[346.5,-7.5]],"c":false},"ix":2},"nm":"Path 1","mn":"ADBE Vector Shape - Group","hd":false},{"ty":"st","c":{"a":0,"k":[1,1,1,1],"ix":3},"o":{"a":0,"k":100,"ix":4},"w":{"a":0,"k":5,"ix":5},"lc":2,"lj":2,"bm":0,"nm":"Stroke 1","mn":"ADBE Vector Graphic - Stroke","hd":false},{"ty":"tr","p":{"a":0,"k":[0,0],"ix":2},"a":{"a":0,"k":[0,0],"ix":1},"s":{"a":0,"k":[100,100],"ix":3},"r":{"a":0,"k":0,"ix":6},"o":{"a":0,"k":100,"ix":7},"sk":{"a":0,"k":0,"ix":4},"sa":{"a":0,"k":0,"ix":5},"nm":"Transform"}],"nm":"Group 1","np":2,"cix":2,"bm":0,"ix":1,"mn":"ADBE Vector Group","hd":false}],"ip":0,"op":2278,"st":0,"bm":0},{"ddd":0,"ind":2,"ty":4,"nm":"Layer 7","parent":3,"sr":1,"ks":{"o":{"a":1,"k":[{"i":{"x":[0.667],"y":[1]},"o":{"x":[0.333],"y":[0]},"t":167,"s":[100]},{"t":173,"s":[0]}],"ix":11},"r":{"a":0,"k":0,"ix":10},"p":{"a":0,"k":[0,0,0],"ix":2,"l":2},"a":{"a":0,"k":[0,0,0],"ix":1,"l":2},"s":{"a":0,"k":[100,100,100],"ix":6,"l":2}},"ao":0,"shapes":[{"ty":"gr","it":[{"ind":0,"ty":"sh","ix":1,"ks":{"a":0,"k":{"i":[[0,0],[0,0],[0,0]],"o":[[0,0],[0,0],[0,0]],"v":[[-370.5,-20.5],[-361.5,-7.5],[-353.5,-20.5]],"c":false},"ix":2},"nm":"Path 1","mn":"ADBE Vector Shape - Group","hd":false},{"ty":"st","c":{"a":0,"k":[1,0.611764705882,0,1],"ix":3},"o":{"a":0,"k":100,"ix":4},"w":{"a":0,"k":5,"ix":5},"lc":2,"lj":2,"bm":0,"nm":"Stroke 1","mn":"ADBE Vector Graphic - Stroke","hd":false},{"ty":"tr","p":{"a":0,"k":[0,0],"ix":2},"a":{"a":0,"k":[0,0],"ix":1},"s":{"a":0,"k":[100,100],"ix":3},"r":{"a":0,"k":0,"ix":6},"o":{"a":0,"k":100,"ix":7},"sk":{"a":0,"k":0,"ix":4},"sa":{"a":0,"k":0,"ix":5},"nm":"Transform"}],"nm":"Group 1","np":2,"cix":2,"bm":0,"ix":1,"mn":"ADBE Vector Group","hd":false}],"ip":0,"op":2278,"st":0,"bm":0},{"ddd":0,"ind":3,"ty":4,"nm":"Layer 6","sr":1,"ks":{"o":{"a":0,"k":100,"ix":11},"r":{"a":1,"k":[{"i":{"x":[0.479],"y":[1]},"o":{"x":[0.645],"y":[0]},"t":0,"s":[0]},{"t":149,"s":[-1080]}],"ix":10},"p":{"a":0,"k":[496.497,483,0],"ix":2,"l":2},"a":{"a":0,"k":[-2.503,-14.5,0],"ix":1,"l":2},"s":{"a":1,"k":[{"i":{"x":[0.667,0.667,0.667],"y":[1,1,1]},"o":{"x":[0.333,0.333,0.333],"y":[0,0,0]},"t":166,"s":[100,100,100]},{"t":173,"s":[26,26,100]}],"ix":6,"l":2}},"ao":0,"shapes":[{"ty":"gr","it":[{"ind":0,"ty":"sh","ix":1,"ks":{"a":0,"k":{"i":[[0,-170.104],[169.553,0],[0,170.104],[-169.553,0]],"o":[[0,170.104],[-169.553,0],[0,-170.104],[169.553,0]],"v":[[304.5,-14.5],[-2.503,293.5],[-309.506,-14.5],[-2.503,-322.5]],"c":true},"ix":2},"nm":"Path 1","mn":"ADBE Vector Shape - Group","hd":false},{"ty":"gs","o":{"a":0,"k":100,"ix":9},"w":{"a":0,"k":3,"ix":10},"g":{"p":5,"k":{"a":0,"k":[0,1,0.773,0.333,0.18,1,0.692,0.167,0.27,1,0.612,0,0.365,1,0.777,0.416,1,1,0.942,0.831],"ix":8}},"s":{"a":0,"k":[-221.003,204.997],"ix":4},"e":{"a":0,"k":[215.992,-231.998],"ix":5},"t":1,"lc":1,"lj":1,"ml":10,"ml2":{"a":0,"k":10,"ix":13},"bm":0,"nm":"Gradient Stroke 1","mn":"ADBE Vector Graphic - G-Stroke","hd":false},{"ty":"tr","p":{"a":0,"k":[0,0],"ix":2},"a":{"a":0,"k":[0,0],"ix":1},"s":{"a":0,"k":[100,100],"ix":3},"r":{"a":0,"k":0,"ix":6},"o":{"a":0,"k":100,"ix":7},"sk":{"a":0,"k":0,"ix":4},"sa":{"a":0,"k":0,"ix":5},"nm":"Transform"}],"nm":"Group 1","np":2,"cix":2,"bm":0,"ix":1,"mn":"ADBE Vector Group","hd":false}],"ip":0,"op":2278,"st":0,"bm":0},{"ddd":0,"ind":4,"ty":4,"nm":"Layer 5","parent":3,"sr":1,"ks":{"o":{"a":0,"k":100,"ix":11},"r":{"a":0,"k":0,"ix":10},"p":{"a":0,"k":[-2.875,293.5,0],"ix":2,"l":2},"a":{"a":0,"k":[-2.875,293.5,0],"ix":1,"l":2},"s":{"a":1,"k":[{"i":{"x":[0.667,0.667,0.667],"y":[1,1,1]},"o":{"x":[0.333,0.333,0.333],"y":[0,0,0]},"t":149,"s":[100,100,100]},{"t":164,"s":[116,116,100]}],"ix":6,"l":2}},"ao":0,"shapes":[{"ty":"gr","it":[{"ind":0,"ty":"sh","ix":1,"ks":{"a":0,"k":{"i":[[0,-146.355],[146.632,0],[0,146.355],[-146.632,0]],"o":[[0,146.355],[-146.632,0],[0,-146.355],[146.632,0]],"v":[[262.5,28.5],[-3,293.5],[-268.5,28.5],[-3,-236.5]],"c":true},"ix":2},"nm":"Path 1","mn":"ADBE Vector Shape - Group","hd":false},{"ty":"gs","o":{"a":0,"k":100,"ix":9},"w":{"a":0,"k":3,"ix":10},"g":{"p":5,"k":{"a":0,"k":[0,1,0.773,0.333,0.18,1,0.692,0.167,0.27,1,0.612,0,0.365,1,0.777,0.416,1,1,0.942,0.831],"ix":8}},"s":{"a":0,"k":[-221.003,204.997],"ix":4},"e":{"a":0,"k":[215.992,-231.998],"ix":5},"t":1,"lc":1,"lj":1,"ml":10,"ml2":{"a":0,"k":10,"ix":13},"bm":0,"nm":"Gradient Stroke 1","mn":"ADBE Vector Graphic - G-Stroke","hd":false},{"ty":"tr","p":{"a":0,"k":[0,0],"ix":2},"a":{"a":0,"k":[0,0],"ix":1},"s":{"a":0,"k":[100,100],"ix":3},"r":{"a":0,"k":0,"ix":6},"o":{"a":0,"k":100,"ix":7},"sk":{"a":0,"k":0,"ix":4},"sa":{"a":0,"k":0,"ix":5},"nm":"Transform"}],"nm":"Group 1","np":2,"cix":2,"bm":0,"ix":1,"mn":"ADBE Vector Group","hd":false}],"ip":0,"op":2278,"st":0,"bm":0},{"ddd":0,"ind":5,"ty":4,"nm":"Layer 4","parent":3,"sr":1,"ks":{"o":{"a":0,"k":100,"ix":11},"r":{"a":0,"k":0,"ix":10},"p":{"a":0,"k":[-2.938,293.562,0],"ix":2,"l":2},"a":{"a":0,"k":[-2.938,293.562,0],"ix":1,"l":2},"s":{"a":1,"k":[{"i":{"x":[0.667,0.667,0.667],"y":[1,1,1]},"o":{"x":[0.333,0.333,0.333],"y":[0,0,0]},"t":149,"s":[100,100,100]},{"t":164,"s":[138,138,100]}],"ix":6,"l":2}},"ao":0,"shapes":[{"ty":"gr","it":[{"ind":0,"ty":"sh","ix":1,"ks":{"a":0,"k":{"i":[[0,-123.16],[123.436,0],[0,123.159],[-123.436,0]],"o":[[0,123.159],[-123.436,0],[0,-123.16],[123.436,0]],"v":[[220.5,70.5],[-3,293.5],[-226.5,70.5],[-3,-152.5]],"c":true},"ix":2},"nm":"Path 1","mn":"ADBE Vector Shape - Group","hd":false},{"ty":"gs","o":{"a":0,"k":100,"ix":9},"w":{"a":0,"k":3,"ix":10},"g":{"p":5,"k":{"a":0,"k":[0,1,0.773,0.333,0.18,1,0.692,0.167,0.27,1,0.612,0,0.365,1,0.777,0.416,1,1,0.942,0.831],"ix":8}},"s":{"a":0,"k":[-221.003,204.997],"ix":4},"e":{"a":0,"k":[215.992,-231.998],"ix":5},"t":1,"lc":1,"lj":1,"ml":10,"ml2":{"a":0,"k":10,"ix":13},"bm":0,"nm":"Gradient Stroke 1","mn":"ADBE Vector Graphic - G-Stroke","hd":false},{"ty":"tr","p":{"a":0,"k":[0,0],"ix":2},"a":{"a":0,"k":[0,0],"ix":1},"s":{"a":0,"k":[100,100],"ix":3},"r":{"a":0,"k":0,"ix":6},"o":{"a":0,"k":100,"ix":7},"sk":{"a":0,"k":0,"ix":4},"sa":{"a":0,"k":0,"ix":5},"nm":"Transform"}],"nm":"Group 1","np":2,"cix":2,"bm":0,"ix":1,"mn":"ADBE Vector Group","hd":false}],"ip":0,"op":2278,"st":0,"bm":0},{"ddd":0,"ind":6,"ty":4,"nm":"Layer 3","parent":3,"sr":1,"ks":{"o":{"a":0,"k":100,"ix":11},"r":{"a":0,"k":0,"ix":10},"p":{"a":0,"k":[-3.5,293.5,0],"ix":2,"l":2},"a":{"a":0,"k":[-3.5,293.5,0],"ix":1,"l":2},"s":{"a":1,"k":[{"i":{"x":[0.667,0.667,0.667],"y":[1,1,1]},"o":{"x":[0.333,0.333,0.333],"y":[0,0,0]},"t":149,"s":[100,100,100]},{"t":164,"s":[178,178,100]}],"ix":6,"l":2}},"ao":0,"shapes":[{"ty":"gr","it":[{"ind":0,"ty":"sh","ix":1,"ks":{"a":0,"k":{"i":[[0,-95.545],[95.545,0],[0,95.545],[-95.545,0]],"o":[[0,95.545],[-95.545,0],[0,-95.545],[95.545,0]],"v":[[169.5,120.5],[-3.5,293.5],[-176.5,120.5],[-3.5,-52.5]],"c":true},"ix":2},"nm":"Path 1","mn":"ADBE Vector Shape - Group","hd":false},{"ty":"gs","o":{"a":0,"k":100,"ix":9},"w":{"a":0,"k":3,"ix":10},"g":{"p":5,"k":{"a":0,"k":[0,1,0.773,0.333,0.18,1,0.692,0.167,0.27,1,0.612,0,0.365,1,0.777,0.416,1,1,0.942,0.831],"ix":8}},"s":{"a":0,"k":[-221.003,204.997],"ix":4},"e":{"a":0,"k":[215.992,-231.998],"ix":5},"t":1,"lc":1,"lj":1,"ml":10,"ml2":{"a":0,"k":10,"ix":13},"bm":0,"nm":"Gradient Stroke 1","mn":"ADBE Vector Graphic - G-Stroke","hd":false},{"ty":"tr","p":{"a":0,"k":[0,0],"ix":2},"a":{"a":0,"k":[0,0],"ix":1},"s":{"a":0,"k":[100,100],"ix":3},"r":{"a":0,"k":0,"ix":6},"o":{"a":0,"k":100,"ix":7},"sk":{"a":0,"k":0,"ix":4},"sa":{"a":0,"k":0,"ix":5},"nm":"Transform"}],"nm":"Group 1","np":2,"cix":2,"bm":0,"ix":1,"mn":"ADBE Vector Group","hd":false}],"ip":0,"op":2278,"st":0,"bm":0},{"ddd":0,"ind":7,"ty":4,"nm":"Layer 2","parent":3,"sr":1,"ks":{"o":{"a":0,"k":100,"ix":11},"r":{"a":0,"k":0,"ix":10},"p":{"a":0,"k":[-3.375,293.562,0],"ix":2,"l":2},"a":{"a":0,"k":[-3.375,293.562,0],"ix":1,"l":2},"s":{"a":1,"k":[{"i":{"x":[0.667,0.667,0.667],"y":[1,1,1]},"o":{"x":[0.333,0.333,0.333],"y":[0,0,0]},"t":149,"s":[100,100,100]},{"t":164,"s":[263,263,100]}],"ix":6,"l":2}},"ao":0,"shapes":[{"ty":"gr","it":[{"ind":0,"ty":"sh","ix":1,"ks":{"a":0,"k":{"i":[[0,-64.617],[64.617,0],[0,64.617],[-64.617,0]],"o":[[0,64.617],[-64.617,0],[0,-64.617],[64.617,0]],"v":[[113.5,176.5],[-3.5,293.5],[-120.5,176.5],[-3.5,59.5]],"c":true},"ix":2},"nm":"Path 1","mn":"ADBE Vector Shape - Group","hd":false},{"ty":"gs","o":{"a":0,"k":100,"ix":9},"w":{"a":0,"k":3,"ix":10},"g":{"p":5,"k":{"a":0,"k":[0,1,0.773,0.333,0.18,1,0.692,0.167,0.27,1,0.612,0,0.365,1,0.777,0.416,1,1,0.942,0.831],"ix":8}},"s":{"a":0,"k":[-221.003,204.997],"ix":4},"e":{"a":0,"k":[215.992,-231.998],"ix":5},"t":1,"lc":1,"lj":1,"ml":10,"ml2":{"a":0,"k":10,"ix":13},"bm":0,"nm":"Gradient Stroke 1","mn":"ADBE Vector Graphic - G-Stroke","hd":false},{"ty":"tr","p":{"a":0,"k":[0,0],"ix":2},"a":{"a":0,"k":[0,0],"ix":1},"s":{"a":0,"k":[100,100],"ix":3},"r":{"a":0,"k":0,"ix":6},"o":{"a":0,"k":100,"ix":7},"sk":{"a":0,"k":0,"ix":4},"sa":{"a":0,"k":0,"ix":5},"nm":"Transform"}],"nm":"Group 1","np":2,"cix":2,"bm":0,"ix":1,"mn":"ADBE Vector Group","hd":false}],"ip":0,"op":2278,"st":0,"bm":0}]}],"fonts":{"list":[{"fName":"Arial-BoldMT","fFamily":"Arial","fStyle":"Bold","ascent":71.5988159179688}]},"layers":[{"ddd":0,"ind":1,"ty":0,"nm":"Pre-comp 1","refId":"comp_0","sr":1,"ks":{"o":{"a":0,"k":100,"ix":11},"r":{"a":0,"k":0,"ix":10},"p":{"a":0,"k":[498,792,0],"ix":2,"l":2},"a":{"a":0,"k":[498,792,0],"ix":1,"l":2},"s":{"a":0,"k":[100,100,100],"ix":6,"l":2}},"ao":0,"w":1000,"h":1000,"ip":193,"op":1078,"st":193,"bm":0},{"ddd":0,"ind":2,"ty":5,"nm":"LAUNCH","sr":1,"ks":{"o":{"a":1,"k":[{"i":{"x":[0.667],"y":[1]},"o":{"x":[0.333],"y":[0]},"t":149,"s":[0]},{"i":{"x":[0.667],"y":[1]},"o":{"x":[0.333],"y":[0]},"t":153,"s":[100]},{"i":{"x":[0.667],"y":[1]},"o":{"x":[0.333],"y":[0]},"t":182,"s":[100]},{"t":186,"s":[0]}],"ix":11},"r":{"a":0,"k":0,"ix":10},"p":{"a":0,"k":[499.448,559.729,0],"ix":2,"l":2},"a":{"a":0,"k":[33.62,14.229,0],"ix":1,"l":2},"s":{"a":0,"k":[100,100,100],"ix":6,"l":2}},"ao":0,"t":{"d":{"k":[{"s":{"s":15,"f":"Arial-BoldMT","t":"LAUNCH","j":0,"tr":0,"lh":18,"ls":-21,"fc":[1,0.612,0]},"t":0}]},"p":{},"m":{"g":1,"a":{"a":0,"k":[0,0],"ix":2}},"a":[]},"ip":0,"op":2278,"st":0,"bm":0},{"ddd":0,"ind":3,"ty":5,"nm":"BUILD ","sr":1,"ks":{"o":{"a":1,"k":[{"i":{"x":[0.667],"y":[1]},"o":{"x":[0.333],"y":[0]},"t":149,"s":[0]},{"i":{"x":[0.667],"y":[1]},"o":{"x":[0.333],"y":[0]},"t":153,"s":[100]},{"i":{"x":[0.667],"y":[1]},"o":{"x":[0.333],"y":[0]},"t":182,"s":[100]},{"t":186,"s":[0]}],"ix":11},"r":{"a":0,"k":0,"ix":10},"p":{"a":0,"k":[499.387,448.959,0],"ix":2,"l":2},"a":{"a":0,"k":[24.986,13.959,0],"ix":1,"l":2},"s":{"a":0,"k":[100,100,100],"ix":6,"l":2}},"ao":0,"t":{"d":{"k":[{"s":{"s":15,"f":"Arial-BoldMT","t":"BUILD ","j":0,"tr":0,"lh":18,"ls":-21,"fc":[1,0.612,0]},"t":0}]},"p":{},"m":{"g":1,"a":{"a":0,"k":[0,0],"ix":2}},"a":[]},"ip":0,"op":2278,"st":0,"bm":0},{"ddd":0,"ind":4,"ty":5,"nm":"STRATEGY","sr":1,"ks":{"o":{"a":1,"k":[{"i":{"x":[0.667],"y":[1]},"o":{"x":[0.333],"y":[0]},"t":149,"s":[0]},{"i":{"x":[0.667],"y":[1]},"o":{"x":[0.333],"y":[0]},"t":153,"s":[100]},{"i":{"x":[0.667],"y":[1]},"o":{"x":[0.333],"y":[0]},"t":182,"s":[100]},{"t":186,"s":[0]}],"ix":11},"r":{"a":0,"k":0,"ix":10},"p":{"a":0,"k":[497.802,266.108,0],"ix":2,"l":2},"a":{"a":0,"k":[40.869,16.358,0],"ix":1,"l":2},"s":{"a":0,"k":[100,100,100],"ix":6,"l":2}},"ao":0,"t":{"d":{"k":[{"s":{"s":15,"f":"Arial-BoldMT","t":"STRATEGY","j":0,"tr":0,"lh":18,"ls":-21,"fc":[1,0.612,0]},"t":0}]},"p":{},"m":{"g":1,"a":{"a":0,"k":[0,0],"ix":2}},"a":[]},"ip":0,"op":2278,"st":0,"bm":0},{"ddd":0,"ind":5,"ty":5,"nm":"DESIGN","sr":1,"ks":{"o":{"a":1,"k":[{"i":{"x":[0.667],"y":[1]},"o":{"x":[0.333],"y":[0]},"t":149,"s":[0]},{"i":{"x":[0.667],"y":[1]},"o":{"x":[0.333],"y":[0]},"t":153,"s":[100]},{"i":{"x":[0.667],"y":[1]},"o":{"x":[0.333],"y":[0]},"t":182,"s":[100]},{"t":186,"s":[0]}],"ix":11},"r":{"a":0,"k":0,"ix":10},"p":{"a":0,"k":[501.837,351.446,0],"ix":2,"l":2},"a":{"a":0,"k":[33.043,15.946,0],"ix":1,"l":2},"s":{"a":0,"k":[100,100,100],"ix":6,"l":2}},"ao":0,"t":{"d":{"k":[{"s":{"s":15,"f":"Arial-BoldMT","t":"DESIGN","j":0,"tr":0,"lh":18,"ls":-21,"fc":[1,0.612,0]},"t":0}]},"p":{},"m":{"g":1,"a":{"a":0,"k":[0,0],"ix":2}},"a":[]},"ip":0,"op":2278,"st":0,"bm":0},{"ddd":0,"ind":6,"ty":5,"nm":"DISCOVERY","sr":1,"ks":{"o":{"a":1,"k":[{"i":{"x":[0.667],"y":[1]},"o":{"x":[0.333],"y":[0]},"t":149,"s":[0]},{"i":{"x":[0.667],"y":[1]},"o":{"x":[0.333],"y":[0]},"t":153,"s":[100]},{"i":{"x":[0.667],"y":[1]},"o":{"x":[0.333],"y":[0]},"t":182,"s":[100]},{"t":186,"s":[0]}],"ix":11},"r":{"a":0,"k":0,"ix":10},"p":{"a":0,"k":[496.333,181.459,0],"ix":2,"l":2},"a":{"a":0,"k":[43.289,13.959,0],"ix":1,"l":2},"s":{"a":0,"k":[100,100,100],"ix":6,"l":2}},"ao":0,"t":{"d":{"k":[{"s":{"s":15,"f":"Arial-BoldMT","t":"DISCOVERY","j":0,"tr":0,"lh":18,"ls":-21,"fc":[1,0.612,0]},"t":0}]},"p":{},"m":{"g":1,"a":{"a":0,"k":[0,0],"ix":2}},"a":[]},"ip":0,"op":2278,"st":0,"bm":0},{"ddd":0,"ind":7,"ty":4,"nm":"6","parent":19,"sr":1,"ks":{"o":{"a":1,"k":[{"i":{"x":[0.667],"y":[1]},"o":{"x":[0.333],"y":[0]},"t":130,"s":[0]},{"i":{"x":[0.833],"y":[1]},"o":{"x":[0.167],"y":[0]},"t":143,"s":[100]},{"i":{"x":[0.833],"y":[1]},"o":{"x":[0.167],"y":[0]},"t":192,"s":[100]},{"i":{"x":[0.833],"y":[1]},"o":{"x":[0.167],"y":[0]},"t":193,"s":[0]},{"t":341,"s":[0]}],"ix":11},"r":{"a":0,"k":45,"ix":10},"p":{"a":1,"k":[{"i":{"x":0.833,"y":0.833},"o":{"x":0.167,"y":0.167},"t":120,"s":[131.555,42.855,0],"to":[0,0,0],"ti":[0,0,0]},{"i":{"x":0.833,"y":0.833},"o":{"x":0.167,"y":0.167},"t":128,"s":[-26.837,199.879,0],"to":[0,0,0],"ti":[0,0,0]},{"i":{"x":0.833,"y":0.833},"o":{"x":0.167,"y":0.167},"t":138,"s":[102.799,71.155,0],"to":[0,0,0],"ti":[0,0,0]},{"t":143,"s":[131.555,42.855,0]}],"ix":2,"l":2},"a":{"a":0,"k":[-2.503,-14.5,0],"ix":1,"l":2},"s":{"a":1,"k":[{"i":{"x":[0.667,0.667,0.667],"y":[1,1,1]},"o":{"x":[0.333,0.333,0.333],"y":[0,0,0]},"t":125,"s":[0,0,100]},{"t":143,"s":[100,100,100]}],"ix":6,"l":2}},"ao":0,"shapes":[{"ty":"gr","it":[{"ind":0,"ty":"sh","ix":1,"ks":{"a":0,"k":{"i":[[-170.104,0],[0,-169.553],[170.104,0],[0,169.553]],"o":[[170.104,0],[0,169.553],[-170.104,0],[0,-169.553]],"v":[[-2.503,-321.503],[305.497,-14.5],[-2.503,292.503],[-310.503,-14.5]],"c":true},"ix":2},"nm":"Path 1","mn":"ADBE Vector Shape - Group","hd":false},{"ty":"gs","o":{"a":0,"k":100,"ix":9},"w":{"a":0,"k":3,"ix":10},"g":{"p":5,"k":{"a":0,"k":[0,1,0.773,0.333,0.18,1,0.692,0.167,0.27,1,0.612,0,0.365,1,0.777,0.416,1,1,0.942,0.831],"ix":8}},"s":{"a":0,"k":[-221.003,204.997],"ix":4},"e":{"a":0,"k":[215.992,-231.998],"ix":5},"t":1,"lc":1,"lj":1,"ml":10,"ml2":{"a":0,"k":10,"ix":13},"bm":0,"nm":"Gradient Stroke 1","mn":"ADBE Vector Graphic - G-Stroke","hd":false},{"ty":"tr","p":{"a":0,"k":[0,0],"ix":2},"a":{"a":0,"k":[0,0],"ix":1},"s":{"a":0,"k":[100,100],"ix":3},"r":{"a":0,"k":0,"ix":6},"o":{"a":0,"k":100,"ix":7},"sk":{"a":0,"k":0,"ix":4},"sa":{"a":0,"k":0,"ix":5},"nm":"Transform"}],"nm":"6","np":2,"cix":2,"bm":0,"ix":1,"mn":"ADBE Vector Group","hd":false},{"ty":"tm","s":{"a":1,"k":[{"i":{"x":[0.667],"y":[1]},"o":{"x":[0.333],"y":[0]},"t":146,"s":[0]},{"i":{"x":[0.667],"y":[1]},"o":{"x":[0.333],"y":[0]},"t":153,"s":[3]},{"i":{"x":[0.667],"y":[1]},"o":{"x":[0.333],"y":[0]},"t":182,"s":[3]},{"t":190,"s":[0]}],"ix":1},"e":{"a":1,"k":[{"i":{"x":[0.667],"y":[1]},"o":{"x":[0.333],"y":[0]},"t":146,"s":[100]},{"i":{"x":[0.667],"y":[1]},"o":{"x":[0.333],"y":[0]},"t":153,"s":[97]},{"i":{"x":[0.667],"y":[1]},"o":{"x":[0.333],"y":[0]},"t":182,"s":[97]},{"t":190,"s":[100]}],"ix":2},"o":{"a":0,"k":0,"ix":3},"m":1,"ix":2,"nm":"Trim Paths 1","mn":"ADBE Vector Filter - Trim","hd":false}],"ip":0,"op":2278,"st":0,"bm":0},{"ddd":0,"ind":8,"ty":4,"nm":"5","parent":19,"sr":1,"ks":{"o":{"a":1,"k":[{"i":{"x":[0.667],"y":[1]},"o":{"x":[0.333],"y":[0]},"t":128,"s":[0]},{"i":{"x":[0.833],"y":[1]},"o":{"x":[0.167],"y":[0]},"t":143,"s":[100]},{"i":{"x":[0.833],"y":[1]},"o":{"x":[0.167],"y":[0]},"t":192,"s":[100]},{"i":{"x":[0.833],"y":[1]},"o":{"x":[0.167],"y":[0]},"t":193,"s":[0]},{"t":341,"s":[0]}],"ix":11},"r":{"a":0,"k":45,"ix":10},"p":{"a":0,"k":[-86.894,260.778,0],"ix":2,"l":2},"a":{"a":0,"k":[-2.875,294.062,0],"ix":1,"l":2},"s":{"a":1,"k":[{"i":{"x":[0.667,0.667,0.667],"y":[1,1,1]},"o":{"x":[0.333,0.333,0.333],"y":[0,0,0]},"t":128,"s":[0,0,100]},{"t":143,"s":[100,100,100]}],"ix":6,"l":2}},"ao":0,"shapes":[{"ty":"gr","it":[{"ind":0,"ty":"sh","ix":1,"ks":{"a":0,"k":{"i":[[-146.355,0],[0,-146.632],[146.355,0],[0,146.632]],"o":[[146.355,0],[0,146.632],[-146.355,0],[0,-146.632]],"v":[[-3,-237],[262,28.5],[-3,294],[-268,28.5]],"c":true},"ix":2},"nm":"Path 1","mn":"ADBE Vector Shape - Group","hd":false},{"ty":"gs","o":{"a":0,"k":100,"ix":9},"w":{"a":0,"k":3,"ix":10},"g":{"p":5,"k":{"a":0,"k":[0,1,0.773,0.333,0.18,1,0.692,0.167,0.27,1,0.612,0,0.365,1,0.777,0.416,1,1,0.942,0.831],"ix":8}},"s":{"a":0,"k":[-221.003,204.997],"ix":4},"e":{"a":0,"k":[215.992,-231.998],"ix":5},"t":1,"lc":1,"lj":1,"ml":10,"ml2":{"a":0,"k":10,"ix":13},"bm":0,"nm":"Gradient Stroke 1","mn":"ADBE Vector Graphic - G-Stroke","hd":false},{"ty":"tr","p":{"a":0,"k":[0,0],"ix":2},"a":{"a":0,"k":[0,0],"ix":1},"s":{"a":0,"k":[100,100],"ix":3},"r":{"a":0,"k":0,"ix":6},"o":{"a":0,"k":100,"ix":7},"sk":{"a":0,"k":0,"ix":4},"sa":{"a":0,"k":0,"ix":5},"nm":"Transform"}],"nm":"5","np":2,"cix":2,"bm":0,"ix":1,"mn":"ADBE Vector Group","hd":false},{"ty":"tm","s":{"a":1,"k":[{"i":{"x":[0.667],"y":[1]},"o":{"x":[0.333],"y":[0]},"t":146,"s":[0]},{"i":{"x":[0.667],"y":[1]},"o":{"x":[0.333],"y":[0]},"t":153,"s":[3]},{"i":{"x":[0.667],"y":[1]},"o":{"x":[0.333],"y":[0]},"t":182,"s":[3]},{"t":190,"s":[0]}],"ix":1},"e":{"a":1,"k":[{"i":{"x":[0.667],"y":[1]},"o":{"x":[0.333],"y":[0]},"t":146,"s":[100]},{"i":{"x":[0.667],"y":[1]},"o":{"x":[0.333],"y":[0]},"t":153,"s":[97]},{"i":{"x":[0.667],"y":[1]},"o":{"x":[0.333],"y":[0]},"t":182,"s":[97]},{"t":190,"s":[100]}],"ix":2},"o":{"a":0,"k":0,"ix":3},"m":1,"ix":2,"nm":"Trim Paths 1","mn":"ADBE Vector Filter - Trim","hd":false}],"ip":0,"op":2278,"st":0,"bm":0},{"ddd":0,"ind":9,"ty":4,"nm":"7","parent":19,"sr":1,"ks":{"o":{"a":1,"k":[{"i":{"x":[0.667],"y":[1]},"o":{"x":[0.333],"y":[0]},"t":128,"s":[0]},{"i":{"x":[0.833],"y":[1]},"o":{"x":[0.167],"y":[0]},"t":143,"s":[100]},{"i":{"x":[0.833],"y":[1]},"o":{"x":[0.167],"y":[0]},"t":192,"s":[100]},{"i":{"x":[0.833],"y":[1]},"o":{"x":[0.167],"y":[0]},"t":193,"s":[0]},{"t":341,"s":[0]}],"ix":11},"r":{"a":0,"k":45,"ix":10},"p":{"a":0,"k":[-86.939,260.646,0],"ix":2,"l":2},"a":{"a":0,"k":[-3,294,0],"ix":1,"l":2},"s":{"a":1,"k":[{"i":{"x":[0.667,0.667,0.667],"y":[1,1,1]},"o":{"x":[0.333,0.333,0.333],"y":[0,0,0]},"t":128,"s":[0,0,100]},{"t":143,"s":[77,77,100]}],"ix":6,"l":2}},"ao":0,"shapes":[{"ty":"gr","it":[{"ind":0,"ty":"sh","ix":1,"ks":{"a":0,"k":{"i":[[-123.16,0],[0,-123.436],[123.159,0],[0,123.436]],"o":[[123.159,0],[0,123.436],[-123.16,0],[0,-123.436]],"v":[[-3,-153],[220,70.5],[-3,294],[-226,70.5]],"c":true},"ix":2},"nm":"Path 1","mn":"ADBE Vector Shape - Group","hd":false},{"ty":"gs","o":{"a":0,"k":100,"ix":9},"w":{"a":0,"k":3,"ix":10},"g":{"p":5,"k":{"a":0,"k":[0,1,0.773,0.333,0.18,1,0.692,0.167,0.27,1,0.612,0,0.365,1,0.777,0.416,1,1,0.942,0.831],"ix":8}},"s":{"a":0,"k":[-221.003,204.997],"ix":4},"e":{"a":0,"k":[215.992,-231.998],"ix":5},"t":1,"lc":1,"lj":1,"ml":10,"ml2":{"a":0,"k":10,"ix":13},"bm":0,"nm":"Gradient Stroke 1","mn":"ADBE Vector Graphic - G-Stroke","hd":false},{"ty":"tr","p":{"a":0,"k":[0,0],"ix":2},"a":{"a":0,"k":[0,0],"ix":1},"s":{"a":0,"k":[100,100],"ix":3},"r":{"a":0,"k":0,"ix":6},"o":{"a":0,"k":100,"ix":7},"sk":{"a":0,"k":0,"ix":4},"sa":{"a":0,"k":0,"ix":5},"nm":"Transform"}],"nm":"4","np":2,"cix":2,"bm":0,"ix":1,"mn":"ADBE Vector Group","hd":false},{"ty":"tm","s":{"a":1,"k":[{"i":{"x":[0.667],"y":[1]},"o":{"x":[0.333],"y":[0]},"t":146,"s":[0]},{"i":{"x":[0.667],"y":[1]},"o":{"x":[0.333],"y":[0]},"t":153,"s":[3]},{"i":{"x":[0.667],"y":[1]},"o":{"x":[0.333],"y":[0]},"t":182,"s":[3]},{"t":190,"s":[0]}],"ix":1},"e":{"a":1,"k":[{"i":{"x":[0.667],"y":[1]},"o":{"x":[0.333],"y":[0]},"t":146,"s":[100]},{"i":{"x":[0.667],"y":[1]},"o":{"x":[0.333],"y":[0]},"t":153,"s":[97]},{"i":{"x":[0.667],"y":[1]},"o":{"x":[0.333],"y":[0]},"t":182,"s":[97]},{"t":190,"s":[100]}],"ix":2},"o":{"a":0,"k":0,"ix":3},"m":1,"ix":2,"nm":"Trim Paths 1","mn":"ADBE Vector Filter - Trim","hd":false}],"ip":0,"op":2278,"st":0,"bm":0},{"ddd":0,"ind":10,"ty":4,"nm":"4","parent":19,"sr":1,"ks":{"o":{"a":1,"k":[{"i":{"x":[0.667],"y":[1]},"o":{"x":[0.333],"y":[0]},"t":128,"s":[0]},{"i":{"x":[0.833],"y":[1]},"o":{"x":[0.167],"y":[0]},"t":143,"s":[100]},{"i":{"x":[0.833],"y":[1]},"o":{"x":[0.167],"y":[0]},"t":192,"s":[100]},{"i":{"x":[0.833],"y":[1]},"o":{"x":[0.167],"y":[0]},"t":193,"s":[0]},{"t":341,"s":[0]}],"ix":11},"r":{"a":0,"k":45,"ix":10},"p":{"a":0,"k":[-86.939,260.646,0],"ix":2,"l":2},"a":{"a":0,"k":[-3,294,0],"ix":1,"l":2},"s":{"a":1,"k":[{"i":{"x":[0.667,0.667,0.667],"y":[1,1,1]},"o":{"x":[0.333,0.333,0.333],"y":[0,0,0]},"t":128,"s":[0,0,100]},{"t":143,"s":[100,100,100]}],"ix":6,"l":2}},"ao":0,"shapes":[{"ty":"gr","it":[{"ind":0,"ty":"sh","ix":1,"ks":{"a":0,"k":{"i":[[-123.16,0],[0,-123.436],[123.159,0],[0,123.436]],"o":[[123.159,0],[0,123.436],[-123.16,0],[0,-123.436]],"v":[[-3,-153],[220,70.5],[-3,294],[-226,70.5]],"c":true},"ix":2},"nm":"Path 1","mn":"ADBE Vector Shape - Group","hd":false},{"ty":"gs","o":{"a":0,"k":100,"ix":9},"w":{"a":0,"k":3,"ix":10},"g":{"p":5,"k":{"a":0,"k":[0,1,0.773,0.333,0.18,1,0.692,0.167,0.27,1,0.612,0,0.365,1,0.777,0.416,1,1,0.942,0.831],"ix":8}},"s":{"a":0,"k":[-221.003,204.997],"ix":4},"e":{"a":0,"k":[215.992,-231.998],"ix":5},"t":1,"lc":1,"lj":1,"ml":10,"ml2":{"a":0,"k":10,"ix":13},"bm":0,"nm":"Gradient Stroke 1","mn":"ADBE Vector Graphic - G-Stroke","hd":false},{"ty":"tr","p":{"a":0,"k":[0,0],"ix":2},"a":{"a":0,"k":[0,0],"ix":1},"s":{"a":0,"k":[100,100],"ix":3},"r":{"a":0,"k":0,"ix":6},"o":{"a":0,"k":100,"ix":7},"sk":{"a":0,"k":0,"ix":4},"sa":{"a":0,"k":0,"ix":5},"nm":"Transform"}],"nm":"4","np":2,"cix":2,"bm":0,"ix":1,"mn":"ADBE Vector Group","hd":false},{"ty":"tm","s":{"a":1,"k":[{"i":{"x":[0.667],"y":[1]},"o":{"x":[0.333],"y":[0]},"t":146,"s":[0]},{"i":{"x":[0.667],"y":[1]},"o":{"x":[0.333],"y":[0]},"t":153,"s":[3]},{"i":{"x":[0.667],"y":[1]},"o":{"x":[0.333],"y":[0]},"t":182,"s":[3]},{"t":190,"s":[0]}],"ix":1},"e":{"a":1,"k":[{"i":{"x":[0.667],"y":[1]},"o":{"x":[0.333],"y":[0]},"t":146,"s":[100]},{"i":{"x":[0.667],"y":[1]},"o":{"x":[0.333],"y":[0]},"t":153,"s":[97]},{"i":{"x":[0.667],"y":[1]},"o":{"x":[0.333],"y":[0]},"t":182,"s":[97]},{"t":190,"s":[100]}],"ix":2},"o":{"a":0,"k":0,"ix":3},"m":1,"ix":2,"nm":"Trim Paths 1","mn":"ADBE Vector Filter - Trim","hd":false}],"ip":0,"op":2278,"st":0,"bm":0},{"ddd":0,"ind":12,"ty":4,"nm":"2","sr":1,"ks":{"o":{"a":1,"k":[{"i":{"x":[0.667],"y":[1]},"o":{"x":[0.333],"y":[0]},"t":141,"s":[0]},{"i":{"x":[0.833],"y":[1]},"o":{"x":[0.333],"y":[0]},"t":142,"s":[100]},{"i":{"x":[0.833],"y":[1]},"o":{"x":[0.167],"y":[0]},"t":190,"s":[100]},{"i":{"x":[0.833],"y":[1]},"o":{"x":[0.167],"y":[0]},"t":191,"s":[0]},{"i":{"x":[0.833],"y":[1]},"o":{"x":[0.167],"y":[0]},"t":192,"s":[0]},{"i":{"x":[0.833],"y":[1]},"o":{"x":[0.167],"y":[0]},"t":193,"s":[0]},{"t":341,"s":[0]}],"ix":11},"r":{"a":0,"k":0,"ix":10},"p":{"a":0,"k":[500,500,0],"ix":2,"l":2},"a":{"a":0,"k":[0,0,0],"ix":1,"l":2},"s":{"a":0,"k":[100,100,100],"ix":6,"l":2}},"ao":0,"shapes":[{"ty":"gr","it":[{"ind":0,"ty":"sh","ix":1,"ks":{"a":0,"k":{"i":[[-64.617,0],[0,-64.617],[64.617,0],[0,64.617]],"o":[[64.617,0],[0,64.617],[-64.617,0],[0,-64.617]],"v":[[-3.5,59.5],[113.5,176.5],[-3.5,293.5],[-120.5,176.5]],"c":true},"ix":2},"nm":"Path 1","mn":"ADBE Vector Shape - Group","hd":false},{"ty":"gs","o":{"a":0,"k":100,"ix":9},"w":{"a":0,"k":3,"ix":10},"g":{"p":5,"k":{"a":0,"k":[0,1,0.773,0.333,0.18,1,0.692,0.167,0.27,1,0.612,0,0.365,1,0.777,0.416,1,1,0.942,0.831],"ix":8}},"s":{"a":0,"k":[-221.003,204.997],"ix":4},"e":{"a":0,"k":[215.992,-231.998],"ix":5},"t":1,"lc":1,"lj":1,"ml":10,"ml2":{"a":0,"k":10,"ix":13},"bm":0,"nm":"Gradient Stroke 1","mn":"ADBE Vector Graphic - G-Stroke","hd":false},{"ty":"tr","p":{"a":0,"k":[0,0],"ix":2},"a":{"a":0,"k":[0,0],"ix":1},"s":{"a":0,"k":[100,100],"ix":3},"r":{"a":0,"k":0,"ix":6},"o":{"a":0,"k":100,"ix":7},"sk":{"a":0,"k":0,"ix":4},"sa":{"a":0,"k":0,"ix":5},"nm":"Transform"}],"nm":"2","np":2,"cix":2,"bm":0,"ix":1,"mn":"ADBE Vector Group","hd":false},{"ty":"tm","s":{"a":1,"k":[{"i":{"x":[0.667],"y":[1]},"o":{"x":[0.333],"y":[0]},"t":146,"s":[0]},{"i":{"x":[0.667],"y":[1]},"o":{"x":[0.333],"y":[0]},"t":153,"s":[5.5]},{"i":{"x":[0.667],"y":[1]},"o":{"x":[0.333],"y":[0]},"t":182,"s":[5]},{"t":190,"s":[0]}],"ix":1},"e":{"a":1,"k":[{"i":{"x":[0.667],"y":[1]},"o":{"x":[0.333],"y":[0]},"t":146,"s":[100]},{"i":{"x":[0.667],"y":[1]},"o":{"x":[0.333],"y":[0]},"t":153,"s":[94.5]},{"i":{"x":[0.667],"y":[1]},"o":{"x":[0.333],"y":[0]},"t":182,"s":[95]},{"t":190,"s":[100]}],"ix":2},"o":{"a":0,"k":0,"ix":3},"m":1,"ix":2,"nm":"Trim Paths 1","mn":"ADBE Vector Filter - Trim","hd":false}],"ip":0,"op":2278,"st":0,"bm":0},{"ddd":0,"ind":13,"ty":4,"nm":"Rightt Arow2","sr":1,"ks":{"o":{"a":1,"k":[{"i":{"x":[0.667],"y":[1]},"o":{"x":[0.333],"y":[0]},"t":103,"s":[0]},{"i":{"x":[0.833],"y":[1]},"o":{"x":[0.167],"y":[0]},"t":104,"s":[100]},{"i":{"x":[0.833],"y":[1]},"o":{"x":[0.167],"y":[0]},"t":192,"s":[100]},{"t":193,"s":[0]}],"ix":11},"r":{"a":1,"k":[{"i":{"x":[0.667],"y":[1]},"o":{"x":[1],"y":[0]},"t":104,"s":[0]},{"t":119,"s":[-360]}],"ix":10},"p":{"a":0,"k":[500,500,0],"ix":2,"l":2},"a":{"a":0,"k":[0,0,0],"ix":1,"l":2},"s":{"a":0,"k":[100,100,100],"ix":6,"l":2}},"ao":0,"shapes":[{"ty":"gr","it":[{"ind":0,"ty":"sh","ix":1,"ks":{"a":0,"k":{"i":[[0,0],[0,0],[0,0]],"o":[[0,0],[0,0],[0,0]],"v":[[363.5,-7.5],[354.5,-20.5],[346.5,-7.5]],"c":false},"ix":2},"nm":"Path 1","mn":"ADBE Vector Shape - Group","hd":false},{"ty":"st","c":{"a":0,"k":[1,1,1,1],"ix":3},"o":{"a":0,"k":100,"ix":4},"w":{"a":0,"k":5,"ix":5},"lc":2,"lj":2,"bm":0,"nm":"Stroke 1","mn":"ADBE Vector Graphic - Stroke","hd":false},{"ty":"tr","p":{"a":0,"k":[0,0],"ix":2},"a":{"a":0,"k":[0,0],"ix":1},"s":{"a":0,"k":[100,100],"ix":3},"r":{"a":0,"k":0,"ix":6},"o":{"a":0,"k":100,"ix":7},"sk":{"a":0,"k":0,"ix":4},"sa":{"a":0,"k":0,"ix":5},"nm":"Transform"}],"nm":"Group 1","np":2,"cix":2,"bm":0,"ix":1,"mn":"ADBE Vector Group","hd":false}],"ip":0,"op":2278,"st":0,"bm":0},{"ddd":0,"ind":14,"ty":4,"nm":"Left Arow2","sr":1,"ks":{"o":{"a":1,"k":[{"i":{"x":[0.667],"y":[1]},"o":{"x":[0.333],"y":[0]},"t":103,"s":[0]},{"i":{"x":[0.833],"y":[1]},"o":{"x":[0.167],"y":[0]},"t":104,"s":[100]},{"i":{"x":[0.833],"y":[1]},"o":{"x":[0.167],"y":[0]},"t":192,"s":[100]},{"t":193,"s":[0]}],"ix":11},"r":{"a":1,"k":[{"i":{"x":[0.667],"y":[1]},"o":{"x":[1],"y":[0]},"t":104,"s":[0]},{"t":119,"s":[-360]}],"ix":10},"p":{"a":0,"k":[500,500,0],"ix":2,"l":2},"a":{"a":0,"k":[0,0,0],"ix":1,"l":2},"s":{"a":0,"k":[100,100,100],"ix":6,"l":2}},"ao":0,"shapes":[{"ty":"gr","it":[{"ind":0,"ty":"sh","ix":1,"ks":{"a":0,"k":{"i":[[0,0],[0,0],[0,0]],"o":[[0,0],[0,0],[0,0]],"v":[[-370.5,-20.5],[-361.5,-7.5],[-353.5,-20.5]],"c":false},"ix":2},"nm":"Path 1","mn":"ADBE Vector Shape - Group","hd":false},{"ty":"st","c":{"a":0,"k":[1,0.611764705882,0,1],"ix":3},"o":{"a":0,"k":100,"ix":4},"w":{"a":0,"k":5,"ix":5},"lc":2,"lj":2,"bm":0,"nm":"Stroke 1","mn":"ADBE Vector Graphic - Stroke","hd":false},{"ty":"tr","p":{"a":0,"k":[0,0],"ix":2},"a":{"a":0,"k":[0,0],"ix":1},"s":{"a":0,"k":[100,100],"ix":3},"r":{"a":0,"k":0,"ix":6},"o":{"a":0,"k":100,"ix":7},"sk":{"a":0,"k":0,"ix":4},"sa":{"a":0,"k":0,"ix":5},"nm":"Transform"}],"nm":"Group 1","np":2,"cix":2,"bm":0,"ix":1,"mn":"ADBE Vector Group","hd":false}],"ip":0,"op":2278,"st":0,"bm":0},{"ddd":0,"ind":15,"ty":4,"nm":"Lower Side","sr":1,"ks":{"o":{"a":1,"k":[{"i":{"x":[0.667],"y":[1]},"o":{"x":[0.333],"y":[0]},"t":117,"s":[100]},{"t":118,"s":[0]}],"ix":11},"r":{"a":1,"k":[{"i":{"x":[0.667],"y":[1]},"o":{"x":[0.333],"y":[0]},"t":19,"s":[-19]},{"i":{"x":[0.667],"y":[1]},"o":{"x":[0.333],"y":[0]},"t":43,"s":[0]},{"i":{"x":[0.667],"y":[1]},"o":{"x":[0.333],"y":[0]},"t":51,"s":[-7.6]},{"i":{"x":[0.667],"y":[1]},"o":{"x":[0.333],"y":[0]},"t":63,"s":[-7.6]},{"t":81,"s":[0]}],"ix":10},"p":{"a":0,"k":[496.625,482.5,0],"ix":2,"l":2},"a":{"a":0,"k":[-3.375,176.5,0],"ix":1,"l":2},"s":{"a":1,"k":[{"i":{"x":[0.667,0.667,0.667],"y":[1,1,1]},"o":{"x":[0.333,0.333,0.333],"y":[0,0,0]},"t":104,"s":[69,69,100]},{"t":119,"s":[100,100,100]}],"ix":6,"l":2}},"ao":0,"shapes":[{"ty":"gr","it":[{"ind":0,"ty":"sh","ix":1,"ks":{"a":0,"k":{"i":[[0,-64.617],[64.617,0],[0,64.617]],"o":[[0,64.617],[-64.617,0],[0,-64.617]],"v":[[113.5,176.5],[-3.5,293.5],[-120.5,176.5]],"c":false},"ix":2},"nm":"Path 1","mn":"ADBE Vector Shape - Group","hd":false},{"ty":"gs","o":{"a":0,"k":100,"ix":9},"w":{"a":0,"k":3,"ix":10},"g":{"p":5,"k":{"a":0,"k":[0,1,0.773,0.333,0.18,1,0.692,0.167,0.27,1,0.612,0,0.365,1,0.777,0.416,1,1,0.942,0.831],"ix":8}},"s":{"a":0,"k":[-221.003,204.997],"ix":4},"e":{"a":0,"k":[215.992,-231.998],"ix":5},"t":1,"lc":1,"lj":1,"ml":10,"ml2":{"a":0,"k":10,"ix":13},"bm":0,"nm":"Gradient Stroke 1","mn":"ADBE Vector Graphic - G-Stroke","hd":false},{"ty":"tr","p":{"a":0,"k":[0,0],"ix":2},"a":{"a":0,"k":[0,0],"ix":1},"s":{"a":0,"k":[100,100],"ix":3},"r":{"a":0,"k":0,"ix":6},"o":{"a":0,"k":100,"ix":7},"sk":{"a":0,"k":0,"ix":4},"sa":{"a":0,"k":0,"ix":5},"nm":"Transform"}],"nm":"Group 1","np":2,"cix":2,"bm":0,"ix":1,"mn":"ADBE Vector Group","hd":false},{"ty":"tm","s":{"a":1,"k":[{"i":{"x":[0.667],"y":[1]},"o":{"x":[0.333],"y":[0]},"t":32,"s":[0]},{"i":{"x":[0.667],"y":[1]},"o":{"x":[0.333],"y":[0]},"t":43,"s":[10]},{"i":{"x":[0.667],"y":[1]},"o":{"x":[0.333],"y":[0]},"t":65,"s":[10]},{"t":81,"s":[0]}],"ix":1},"e":{"a":0,"k":100,"ix":2},"o":{"a":0,"k":0,"ix":3},"m":1,"ix":2,"nm":"Trim Paths 1","mn":"ADBE Vector Filter - Trim","hd":false}],"ip":0,"op":2278,"st":0,"bm":0},{"ddd":0,"ind":16,"ty":4,"nm":"Uper Side","sr":1,"ks":{"o":{"a":1,"k":[{"i":{"x":[0.667],"y":[1]},"o":{"x":[0.333],"y":[0]},"t":117,"s":[100]},{"t":118,"s":[0]}],"ix":11},"r":{"a":1,"k":[{"i":{"x":[0.667],"y":[1]},"o":{"x":[0.333],"y":[0]},"t":19,"s":[-19]},{"i":{"x":[0.667],"y":[1]},"o":{"x":[0.333],"y":[0]},"t":43,"s":[0]},{"i":{"x":[0.667],"y":[1]},"o":{"x":[0.333],"y":[0]},"t":51,"s":[-7.6]},{"i":{"x":[0.667],"y":[1]},"o":{"x":[0.333],"y":[0]},"t":61,"s":[-7.6]},{"t":81,"s":[0]}],"ix":10},"p":{"a":0,"k":[496.625,482.562,0],"ix":2,"l":2},"a":{"a":0,"k":[-3.375,176.562,0],"ix":1,"l":2},"s":{"a":1,"k":[{"i":{"x":[0.667,0.667,0.667],"y":[1,1,1]},"o":{"x":[0.333,0.333,0.333],"y":[0,0,0]},"t":104,"s":[69,69,100]},{"t":119,"s":[100,100,100]}],"ix":6,"l":2}},"ao":0,"shapes":[{"ty":"gr","it":[{"ind":0,"ty":"sh","ix":1,"ks":{"a":0,"k":{"i":[[0,64.617],[-64.617,0],[0,-64.617]],"o":[[0,-64.617],[64.617,0],[0,64.617]],"v":[[-120.5,176.5],[-3.5,59.5],[113.5,176.5]],"c":false},"ix":2},"nm":"Path 1","mn":"ADBE Vector Shape - Group","hd":false},{"ty":"gs","o":{"a":0,"k":100,"ix":9},"w":{"a":0,"k":3,"ix":10},"g":{"p":5,"k":{"a":0,"k":[0,1,0.773,0.333,0.18,1,0.692,0.167,0.27,1,0.612,0,0.365,1,0.777,0.416,1,1,0.942,0.831],"ix":8}},"s":{"a":0,"k":[-221.003,204.997],"ix":4},"e":{"a":0,"k":[215.992,-231.998],"ix":5},"t":1,"lc":1,"lj":1,"ml":10,"ml2":{"a":0,"k":10,"ix":13},"bm":0,"nm":"Gradient Stroke 1","mn":"ADBE Vector Graphic - G-Stroke","hd":false},{"ty":"tr","p":{"a":0,"k":[0,0],"ix":2},"a":{"a":0,"k":[0,0],"ix":1},"s":{"a":0,"k":[100,100],"ix":3},"r":{"a":0,"k":0,"ix":6},"o":{"a":0,"k":100,"ix":7},"sk":{"a":0,"k":0,"ix":4},"sa":{"a":0,"k":0,"ix":5},"nm":"Transform"}],"nm":"Group 1","np":2,"cix":2,"bm":0,"ix":1,"mn":"ADBE Vector Group","hd":false},{"ty":"tm","s":{"a":1,"k":[{"i":{"x":[0.667],"y":[1]},"o":{"x":[0.333],"y":[0]},"t":32,"s":[0]},{"i":{"x":[0.667],"y":[1]},"o":{"x":[0.333],"y":[0]},"t":43,"s":[10]},{"i":{"x":[0.667],"y":[1]},"o":{"x":[0.333],"y":[0]},"t":65,"s":[10]},{"t":81,"s":[0]}],"ix":1},"e":{"a":0,"k":100,"ix":2},"o":{"a":0,"k":0,"ix":3},"m":1,"ix":2,"nm":"Trim Paths 1","mn":"ADBE Vector Filter - Trim","hd":false}],"ip":0,"op":2278,"st":0,"bm":0},{"ddd":0,"ind":17,"ty":4,"nm":"Left Arow1","sr":1,"ks":{"o":{"a":1,"k":[{"i":{"x":[0.667],"y":[1]},"o":{"x":[0.333],"y":[0]},"t":52,"s":[0]},{"i":{"x":[0.833],"y":[1]},"o":{"x":[0.333],"y":[0]},"t":58,"s":[100]},{"i":{"x":[0.833],"y":[1]},"o":{"x":[0.167],"y":[0]},"t":103,"s":[100]},{"t":104,"s":[0]}],"ix":11},"r":{"a":0,"k":0,"ix":10},"p":{"a":1,"k":[{"i":{"x":0.667,"y":1},"o":{"x":1,"y":0},"t":63,"s":[778,496,0],"to":[-46.333,0.667,0],"ti":[46.333,-0.667,0]},{"t":93,"s":[500,500,0]}],"ix":2,"l":2},"a":{"a":0,"k":[0,0,0],"ix":1,"l":2},"s":{"a":0,"k":[100,100,100],"ix":6,"l":2}},"ao":0,"shapes":[{"ty":"gr","it":[{"ind":0,"ty":"sh","ix":1,"ks":{"a":0,"k":{"i":[[0,0],[0,0],[0,0]],"o":[[0,0],[0,0],[0,0]],"v":[[-370.5,-20.5],[-361.5,-7.5],[-353.5,-20.5]],"c":false},"ix":2},"nm":"Path 1","mn":"ADBE Vector Shape - Group","hd":false},{"ty":"st","c":{"a":0,"k":[1,0.611764705882,0,1],"ix":3},"o":{"a":0,"k":100,"ix":4},"w":{"a":0,"k":5,"ix":5},"lc":2,"lj":2,"bm":0,"nm":"Stroke 1","mn":"ADBE Vector Graphic - Stroke","hd":false},{"ty":"tr","p":{"a":0,"k":[0,0],"ix":2},"a":{"a":0,"k":[0,0],"ix":1},"s":{"a":0,"k":[100,100],"ix":3},"r":{"a":0,"k":0,"ix":6},"o":{"a":0,"k":100,"ix":7},"sk":{"a":0,"k":0,"ix":4},"sa":{"a":0,"k":0,"ix":5},"nm":"Transform"}],"nm":"Group 1","np":2,"cix":2,"bm":0,"ix":1,"mn":"ADBE Vector Group","hd":false}],"ip":0,"op":2278,"st":0,"bm":0},{"ddd":0,"ind":18,"ty":4,"nm":"Right Arow1 ","sr":1,"ks":{"o":{"a":1,"k":[{"i":{"x":[0.667],"y":[1]},"o":{"x":[0.333],"y":[0]},"t":52,"s":[0]},{"i":{"x":[0.833],"y":[1]},"o":{"x":[0.333],"y":[0]},"t":58,"s":[100]},{"i":{"x":[0.833],"y":[1]},"o":{"x":[0.167],"y":[0]},"t":103,"s":[100]},{"t":104,"s":[0]}],"ix":11},"r":{"a":0,"k":0,"ix":10},"p":{"a":1,"k":[{"i":{"x":0.667,"y":1},"o":{"x":1,"y":0},"t":63,"s":[577,485,0],"to":[46.333,0.167,0],"ti":[-46.333,-0.167,0]},{"t":93,"s":[855,486,0]}],"ix":2,"l":2},"a":{"a":0,"k":[355,-14,0],"ix":1,"l":2},"s":{"a":0,"k":[100,100,100],"ix":6,"l":2}},"ao":0,"shapes":[{"ty":"gr","it":[{"ind":0,"ty":"sh","ix":1,"ks":{"a":0,"k":{"i":[[0,0],[0,0],[0,0]],"o":[[0,0],[0,0],[0,0]],"v":[[363.5,-7.5],[354.5,-20.5],[346.5,-7.5]],"c":false},"ix":2},"nm":"Path 1","mn":"ADBE Vector Shape - Group","hd":false},{"ty":"st","c":{"a":0,"k":[1,1,1,1],"ix":3},"o":{"a":0,"k":100,"ix":4},"w":{"a":0,"k":5,"ix":5},"lc":2,"lj":2,"bm":0,"nm":"Stroke 1","mn":"ADBE Vector Graphic - Stroke","hd":false},{"ty":"tr","p":{"a":0,"k":[0,0],"ix":2},"a":{"a":0,"k":[0,0],"ix":1},"s":{"a":0,"k":[100,100],"ix":3},"r":{"a":0,"k":0,"ix":6},"o":{"a":0,"k":100,"ix":7},"sk":{"a":0,"k":0,"ix":4},"sa":{"a":0,"k":0,"ix":5},"nm":"Transform"}],"nm":"Group 1","np":2,"cix":2,"bm":0,"ix":1,"mn":"ADBE Vector Group","hd":false}],"ip":0,"op":2278,"st":0,"bm":0},{"ddd":0,"ind":19,"ty":4,"nm":"Full Circule","sr":1,"ks":{"o":{"a":1,"k":[{"i":{"x":[0.667],"y":[1]},"o":{"x":[0.333],"y":[0]},"t":115,"s":[0]},{"i":{"x":[0.833],"y":[1]},"o":{"x":[0.167],"y":[0]},"t":118,"s":[100]},{"i":{"x":[0.833],"y":[1]},"o":{"x":[0.167],"y":[0]},"t":141,"s":[100]},{"i":{"x":[0.833],"y":[1]},"o":{"x":[0.167],"y":[0]},"t":142,"s":[0]},{"i":{"x":[0.833],"y":[1]},"o":{"x":[0.167],"y":[0]},"t":190,"s":[0]},{"i":{"x":[0.833],"y":[1]},"o":{"x":[0.167],"y":[0]},"t":191,"s":[100]},{"i":{"x":[0.833],"y":[1]},"o":{"x":[0.167],"y":[0]},"t":192,"s":[100]},{"i":{"x":[0.833],"y":[1]},"o":{"x":[0.167],"y":[0]},"t":193,"s":[0]},{"t":341,"s":[0]}],"ix":11},"r":{"a":0,"k":-45,"ix":10},"p":{"a":1,"k":[{"i":{"x":0.667,"y":1},"o":{"x":0.333,"y":0},"t":129,"s":[496.5,482.5,0],"to":[0,32.167,0],"ti":[0,-32.167,0]},{"t":141,"s":[496.5,675.5,0]}],"ix":2,"l":2},"a":{"a":0,"k":[-3.5,176.5,0],"ix":1,"l":2},"s":{"a":0,"k":[100,100,100],"ix":6,"l":2}},"ao":0,"shapes":[{"ty":"gr","it":[{"ind":0,"ty":"sh","ix":1,"ks":{"a":0,"k":{"i":[[0,-64.617],[64.617,0],[0,64.617],[-64.617,0]],"o":[[0,64.617],[-64.617,0],[0,-64.617],[64.617,0]],"v":[[113.5,176.5],[-3.5,293.5],[-120.5,176.5],[-3.5,59.5]],"c":true},"ix":2},"nm":"Path 1","mn":"ADBE Vector Shape - Group","hd":false},{"ty":"gs","o":{"a":0,"k":100,"ix":9},"w":{"a":0,"k":3,"ix":10},"g":{"p":5,"k":{"a":0,"k":[0,1,0.773,0.333,0.18,1,0.692,0.167,0.27,1,0.612,0,0.365,1,0.777,0.416,1,1,0.942,0.831],"ix":8}},"s":{"a":0,"k":[-221.003,204.997],"ix":4},"e":{"a":0,"k":[215.992,-231.998],"ix":5},"t":1,"lc":1,"lj":1,"ml":10,"ml2":{"a":0,"k":10,"ix":13},"bm":0,"nm":"Gradient Stroke 1","mn":"ADBE Vector Graphic - G-Stroke","hd":false},{"ty":"tr","p":{"a":0,"k":[0,0],"ix":2},"a":{"a":0,"k":[0,0],"ix":1},"s":{"a":0,"k":[100,100],"ix":3},"r":{"a":0,"k":0,"ix":6},"o":{"a":0,"k":100,"ix":7},"sk":{"a":0,"k":0,"ix":4},"sa":{"a":0,"k":0,"ix":5},"nm":"Transform"}],"nm":"Group 1","np":2,"cix":2,"bm":0,"ix":1,"mn":"ADBE Vector Group","hd":false},{"ty":"tm","s":{"a":0,"k":0,"ix":1},"e":{"a":0,"k":100,"ix":2},"o":{"a":0,"k":0,"ix":3},"m":1,"ix":2,"nm":"Trim Paths 1","mn":"ADBE Vector Filter - Trim","hd":false}],"ip":0,"op":2278,"st":0,"bm":0}],"markers":[],"chars":[{"ch":"D","size":15,"style":"Bold","w":72.22,"data":{"shapes":[{"ty":"gr","it":[{"ind":0,"ty":"sh","ix":1,"ks":{"a":0,"k":{"i":[[0,0],[0,0],[-3.191,1.009],[-2.507,2.441],[-1.791,5.209],[0,5.892],[1.562,4.574],[2.995,3.158],[4.199,1.237],[5.957,0],[0,0]],"o":[[0,0],[5.338,0],[4.264,-1.367],[3.32,-3.223],[1.465,-4.264],[0,-6.705],[-1.562,-4.573],[-2.995,-3.157],[-3.125,-0.911],[0,0],[0,0]],"v":[[7.227,0],[34.424,0],[47.217,-1.514],[57.373,-7.227],[65.039,-19.873],[67.236,-35.107],[64.893,-52.026],[58.057,-63.623],[47.266,-70.215],[33.643,-71.582],[7.227,-71.582]],"c":true},"ix":2},"nm":"D","mn":"ADBE Vector Shape - Group","hd":false},{"ind":1,"ty":"sh","ix":2,"ks":{"a":0,"k":{"i":[[0,0],[-2.019,-0.455],[-1.758,-1.66],[-0.977,-2.962],[0,-5.534],[0.977,-3.206],[1.546,-1.399],[2.344,-0.586],[4.036,0],[0,0],[0,0]],"o":[[5.891,0],[2.702,0.586],[1.758,1.66],[0.977,2.962],[0,5.534],[-0.977,3.207],[-1.546,1.4],[-1.791,0.456],[0,0],[0,0],[0,0]],"v":[[28.174,-59.473],[40.039,-58.789],[46.729,-55.42],[50.83,-48.486],[52.295,-35.742],[50.83,-22.632],[47.046,-15.723],[41.211,-12.744],[32.471,-12.061],[21.68,-12.061],[21.68,-59.473]],"c":true},"ix":2},"nm":"D","mn":"ADBE Vector Shape - Group","hd":false}],"nm":"D","np":5,"cix":2,"bm":0,"ix":1,"mn":"ADBE Vector Group","hd":false}]},"fFamily":"Arial"},{"ch":"I","size":15,"style":"Bold","w":27.78,"data":{"shapes":[{"ty":"gr","it":[{"ind":0,"ty":"sh","ix":1,"ks":{"a":0,"k":{"i":[[0,0],[0,0],[0,0],[0,0]],"o":[[0,0],[0,0],[0,0],[0,0]],"v":[[21.289,0],[21.289,-71.582],[6.836,-71.582],[6.836,0]],"c":true},"ix":2},"nm":"I","mn":"ADBE Vector Shape - Group","hd":false}],"nm":"I","np":3,"cix":2,"bm":0,"ix":1,"mn":"ADBE Vector Group","hd":false}]},"fFamily":"Arial"},{"ch":"S","size":15,"style":"Bold","w":66.7,"data":{"shapes":[{"ty":"gr","it":[{"ind":0,"ty":"sh","ix":1,"ks":{"a":0,"k":{"i":[[-4.851,-4.182],[-9.05,0],[-4.167,1.741],[-2.279,3.581],[0,4.102],[1.904,3.076],[3.369,1.775],[7.031,1.66],[1.823,1.53],[0,1.693],[-1.53,1.107],[-4.199,0],[-2.035,-1.611],[-0.619,-3.678],[0,0],[4.541,3.939],[8.984,0],[3.889,-1.66],[2.067,-3.174],[0,-3.645],[-4.395,-3.938],[-7.748,-1.92],[-1.693,-0.586],[-0.993,-1.188],[0,-1.692],[2.36,-1.969],[4.655,0],[2.588,2.214],[0.846,4.72],[0,0]],"o":[[4.85,4.183],[6.217,0],[4.166,-1.741],[2.278,-3.58],[0,-4.524],[-1.904,-3.076],[-3.369,-1.774],[-7.031,-1.66],[-1.433,-1.204],[0,-1.855],[2.376,-1.725],[4.069,0],[2.034,1.611],[0,0],[-0.228,-6.575],[-4.541,-3.938],[-5.502,0],[-3.89,1.66],[-2.068,3.174],[0,5.664],[3.125,2.8],[6.022,1.498],[2.473,0.879],[0.993,1.189],[0,2.637],[-2.361,1.97],[-4.395,0],[-2.588,-2.213],[0,0],[0.944,8.008]],"v":[[12.305,-5.005],[33.154,1.27],[48.73,-1.343],[58.398,-9.326],[61.816,-20.85],[58.96,-32.251],[51.05,-39.526],[35.449,-44.678],[22.168,-49.463],[20.02,-53.809],[22.314,-58.252],[32.178,-60.84],[41.333,-58.423],[45.312,-50.488],[59.766,-51.123],[52.612,-66.895],[32.324,-72.803],[18.237,-70.312],[9.302,-63.062],[6.201,-52.832],[12.793,-38.428],[29.102,-31.348],[40.674,-28.223],[45.874,-25.122],[47.363,-20.801],[43.823,-13.892],[33.301,-10.938],[22.827,-14.258],[17.676,-24.658],[3.613,-23.291]],"c":true},"ix":2},"nm":"S","mn":"ADBE Vector Shape - Group","hd":false}],"nm":"S","np":3,"cix":2,"bm":0,"ix":1,"mn":"ADBE Vector Group","hd":false}]},"fFamily":"Arial"},{"ch":"C","size":15,"style":"Bold","w":72.22,"data":{"shapes":[{"ty":"gr","it":[{"ind":0,"ty":"sh","ix":1,"ks":{"a":0,"k":{"i":[[2.766,-2.441],[3.841,0],[3.255,3.841],[0,9.05],[-3.304,3.809],[-5.306,0],[-2.686,-2.148],[-0.847,-3.711],[0,0],[3.255,3.06],[8.756,0],[6.152,-6.592],[0,-11.914],[-6.12,-6.494],[-9.505,0],[-4.997,3.793],[-2.148,7.812],[0,0]],"o":[[-2.767,2.441],[-5.209,0],[-3.255,-3.841],[0,-8.528],[3.304,-3.809],[3.841,0],[2.686,2.148],[0,0],[-1.628,-5.729],[-5.469,-5.176],[-10.027,0],[-6.152,6.592],[0,11.263],[6.12,6.494],[7.682,0],[4.996,-3.792],[0,0],[-1.205,5.241]],"v":[[47.119,-14.795],[37.207,-11.133],[24.512,-16.895],[19.629,-36.23],[24.585,-54.736],[37.5,-60.449],[47.29,-57.227],[52.588,-48.438],[66.895,-51.855],[59.57,-65.039],[38.232,-72.803],[13.965,-62.915],[4.736,-35.156],[13.916,-8.521],[37.354,1.221],[56.372,-4.468],[67.09,-21.875],[53.076,-26.318]],"c":true},"ix":2},"nm":"C","mn":"ADBE Vector Shape - Group","hd":false}],"nm":"C","np":3,"cix":2,"bm":0,"ix":1,"mn":"ADBE Vector Group","hd":false}]},"fFamily":"Arial"},{"ch":"O","size":15,"style":"Bold","w":77.78,"data":{"shapes":[{"ty":"gr","it":[{"ind":0,"ty":"sh","ix":1,"ks":{"a":0,"k":{"i":[[-6.283,-6.494],[-10.645,0],[-6.283,6.527],[0,11.556],[6.331,6.543],[10.547,0],[4.459,-1.888],[2.815,-2.897],[1.627,-3.645],[0,-7.291]],"o":[[6.282,6.494],[10.514,0],[6.282,-6.526],[0,-11.653],[-6.332,-6.543],[-5.827,0],[-3.353,1.4],[-2.816,2.898],[-2.181,4.948],[0,11.394]],"v":[[13.77,-8.521],[39.16,1.221],[64.355,-8.569],[73.779,-35.693],[64.282,-62.988],[38.965,-72.803],[23.535,-69.971],[14.282,-63.525],[7.617,-53.711],[4.346,-35.352]],"c":true},"ix":2},"nm":"O","mn":"ADBE Vector Shape - Group","hd":false},{"ind":1,"ty":"sh","ix":2,"ks":{"a":0,"k":{"i":[[-3.646,4.086],[-5.957,0],[-3.597,-4.036],[0,-8.203],[3.694,-4.15],[5.762,0],[3.743,4.183],[0,8.105]],"o":[[3.645,-4.085],[5.957,0],[3.596,4.037],[0,8.301],[-3.695,4.15],[-5.762,0],[-3.744,-4.182],[0,-8.235]],"v":[[24.707,-54.321],[39.111,-60.449],[53.442,-54.395],[58.838,-36.035],[53.296,-17.358],[39.111,-11.133],[24.854,-17.407],[19.238,-35.84]],"c":true},"ix":2},"nm":"O","mn":"ADBE Vector Shape - Group","hd":false}],"nm":"O","np":5,"cix":2,"bm":0,"ix":1,"mn":"ADBE Vector Group","hd":false}]},"fFamily":"Arial"},{"ch":"V","size":15,"style":"Bold","w":66.7,"data":{"shapes":[{"ty":"gr","it":[{"ind":0,"ty":"sh","ix":1,"ks":{"a":0,"k":{"i":[[0,0],[0,0],[0,0],[0,0],[0,0],[0,0],[0,0]],"o":[[0,0],[0,0],[0,0],[0,0],[0,0],[0,0],[0,0]],"v":[[40.967,0],[66.602,-71.582],[51.27,-71.582],[33.74,-18.604],[15.625,-71.582],[-0.049,-71.582],[25.537,0]],"c":true},"ix":2},"nm":"V","mn":"ADBE Vector Shape - Group","hd":false}],"nm":"V","np":3,"cix":2,"bm":0,"ix":1,"mn":"ADBE Vector Group","hd":false}]},"fFamily":"Arial"},{"ch":"E","size":15,"style":"Bold","w":66.7,"data":{"shapes":[{"ty":"gr","it":[{"ind":0,"ty":"sh","ix":1,"ks":{"a":0,"k":{"i":[[0,0],[0,0],[0,0],[0,0],[0,0],[0,0],[0,0],[0,0],[0,0],[0,0],[0,0],[0,0]],"o":[[0,0],[0,0],[0,0],[0,0],[0,0],[0,0],[0,0],[0,0],[0,0],[0,0],[0,0],[0,0]],"v":[[61.719,0],[61.719,-12.061],[21.729,-12.061],[21.729,-31.543],[57.666,-31.543],[57.666,-43.604],[21.729,-43.604],[21.729,-59.473],[60.352,-59.473],[60.352,-71.582],[7.275,-71.582],[7.275,0]],"c":true},"ix":2},"nm":"E","mn":"ADBE Vector Shape - Group","hd":false}],"nm":"E","np":3,"cix":2,"bm":0,"ix":1,"mn":"ADBE Vector Group","hd":false}]},"fFamily":"Arial"},{"ch":"R","size":15,"style":"Bold","w":72.22,"data":{"shapes":[{"ty":"gr","it":[{"ind":0,"ty":"sh","ix":1,"ks":{"a":0,"k":{"i":[[0,0],[0,0],[0,0],[-1.53,-0.537],[-1.367,-1.448],[-3.711,-5.566],[0,0],[0,0],[0,0],[2.034,2.181],[3.125,1.823],[-3.158,3.5],[0,5.371],[2.083,3.288],[3.467,1.286],[7.649,0],[0,0],[0,0]],"o":[[0,0],[0,0],[3.32,0],[1.53,0.537],[1.367,1.449],[0,0],[0,0],[0,0],[-3.451,-5.566],[-2.035,-2.18],[6.282,-0.911],[3.157,-3.499],[0,-4.231],[-2.084,-3.288],[-3.467,-1.286],[0,0],[0,0],[0,0]],"v":[[21.777,0],[21.777,-29.883],[24.707,-29.883],[31.982,-29.077],[36.328,-26.099],[43.945,-15.576],[54.395,0],[71.68,0],[62.939,-13.965],[54.712,-25.586],[46.973,-31.592],[61.133,-38.208],[65.869,-51.514],[62.744,-62.793],[54.419,-69.653],[37.744,-71.582],[7.324,-71.582],[7.324,0]],"c":true},"ix":2},"nm":"R","mn":"ADBE Vector Shape - Group","hd":false},{"ind":1,"ty":"sh","ix":2,"ks":{"a":0,"k":{"i":[[0,0],[0,0],[-1.172,-0.163],[-1.286,-1.481],[0,-2.409],[0.977,-1.432],[1.725,-0.586],[6.934,0],[0,0]],"o":[[0,0],[5.859,0],[2.344,0.391],[1.286,1.482],[0,2.148],[-0.977,1.433],[-1.726,0.586],[0,0],[0,0]],"v":[[21.777,-59.473],[33.057,-59.473],[43.604,-59.229],[49.048,-56.421],[50.977,-50.586],[49.512,-45.215],[45.459,-42.188],[32.471,-41.309],[21.777,-41.309]],"c":true},"ix":2},"nm":"R","mn":"ADBE Vector Shape - Group","hd":false}],"nm":"R","np":5,"cix":2,"bm":0,"ix":1,"mn":"ADBE Vector Group","hd":false}]},"fFamily":"Arial"},{"ch":"Y","size":15,"style":"Bold","w":66.7,"data":{"shapes":[{"ty":"gr","it":[{"ind":0,"ty":"sh","ix":1,"ks":{"a":0,"k":{"i":[[0,0],[0,0],[0,0],[0,0],[0,0],[0,0],[0,0],[0,0],[0,0]],"o":[[0,0],[0,0],[0,0],[0,0],[0,0],[0,0],[0,0],[0,0],[0,0]],"v":[[40.479,0],[40.479,-30.029],[66.797,-71.582],[50.146,-71.582],[33.643,-43.262],[16.797,-71.582],[-0.146,-71.582],[26.074,-30.127],[26.074,0]],"c":true},"ix":2},"nm":"Y","mn":"ADBE Vector Shape - Group","hd":false}],"nm":"Y","np":3,"cix":2,"bm":0,"ix":1,"mn":"ADBE Vector Group","hd":false}]},"fFamily":"Arial"},{"ch":"G","size":15,"style":"Bold","w":77.78,"data":{"shapes":[{"ty":"gr","it":[{"ind":0,"ty":"sh","ix":1,"ks":{"a":0,"k":{"i":[[0,0],[0,0],[3.043,-1.188],[3.027,0],[3.776,4.248],[0,8.496],[-3.728,4.004],[-6.316,0],[-2.783,-2.034],[-1.009,-3.516],[0,0],[4.996,3.728],[8.887,0],[4.59,-2.376],[3.125,-5.794],[0,-7.454],[-2.8,-5.843],[-5.566,-3.141],[-7.487,0],[-5.746,2.229],[-3.027,2.93],[0,0],[0,0],[0,0]],"o":[[0,0],[-2.181,1.693],[-3.044,1.189],[-6.12,0],[-3.777,-4.248],[0,-7.877],[3.727,-4.004],[4.166,0],[2.783,2.035],[0,0],[-1.433,-6.575],[-4.997,-3.727],[-6.836,0],[-6.023,3.093],[-3.125,5.795],[0,6.869],[2.799,5.843],[5.566,3.142],[5.891,0],[5.745,-2.229],[0,0],[0,0],[0,0],[0,0]],"v":[[57.129,-26.318],[57.129,-17.236],[49.292,-12.915],[40.186,-11.133],[25.342,-17.505],[19.678,-36.621],[25.269,-54.443],[40.332,-60.449],[50.757,-57.397],[56.445,-49.072],[70.801,-51.758],[61.157,-67.212],[40.332,-72.803],[23.193,-69.238],[9.473,-55.908],[4.785,-36.035],[8.984,-16.968],[21.533,-3.491],[41.113,1.221],[58.569,-2.124],[71.729,-9.863],[71.729,-38.379],[40.576,-38.379],[40.576,-26.318]],"c":true},"ix":2},"nm":"G","mn":"ADBE Vector Shape - Group","hd":false}],"nm":"G","np":3,"cix":2,"bm":0,"ix":1,"mn":"ADBE Vector Group","hd":false}]},"fFamily":"Arial"},{"ch":"N","size":15,"style":"Bold","w":72.22,"data":{"shapes":[{"ty":"gr","it":[{"ind":0,"ty":"sh","ix":1,"ks":{"a":0,"k":{"i":[[0,0],[0,0],[0,0],[0,0],[0,0],[0,0],[0,0],[0,0],[0,0],[0,0]],"o":[[0,0],[0,0],[0,0],[0,0],[0,0],[0,0],[0,0],[0,0],[0,0],[0,0]],"v":[[20.85,0],[20.85,-46.68],[49.707,0],[64.209,0],[64.209,-71.582],[50.781,-71.582],[50.781,-23.779],[21.484,-71.582],[7.422,-71.582],[7.422,0]],"c":true},"ix":2},"nm":"N","mn":"ADBE Vector Shape - Group","hd":false}],"nm":"N","np":3,"cix":2,"bm":0,"ix":1,"mn":"ADBE Vector Group","hd":false}]},"fFamily":"Arial"},{"ch":"T","size":15,"style":"Bold","w":61.08,"data":{"shapes":[{"ty":"gr","it":[{"ind":0,"ty":"sh","ix":1,"ks":{"a":0,"k":{"i":[[0,0],[0,0],[0,0],[0,0],[0,0],[0,0],[0,0],[0,0]],"o":[[0,0],[0,0],[0,0],[0,0],[0,0],[0,0],[0,0],[0,0]],"v":[[37.842,0],[37.842,-59.473],[59.033,-59.473],[59.033,-71.582],[2.148,-71.582],[2.148,-59.473],[23.389,-59.473],[23.389,0]],"c":true},"ix":2},"nm":"T","mn":"ADBE Vector Shape - Group","hd":false}],"nm":"T","np":3,"cix":2,"bm":0,"ix":1,"mn":"ADBE Vector Group","hd":false}]},"fFamily":"Arial"},{"ch":"A","size":15,"style":"Bold","w":72.22,"data":{"shapes":[{"ty":"gr","it":[{"ind":0,"ty":"sh","ix":1,"ks":{"a":0,"k":{"i":[[0,0],[0,0],[0,0],[0,0],[0,0],[0,0],[0,0],[0,0]],"o":[[0,0],[0,0],[0,0],[0,0],[0,0],[0,0],[0,0],[0,0]],"v":[[43.164,-71.582],[27.881,-71.582],[0,0],[15.332,0],[21.24,-16.26],[49.854,-16.26],[56.104,0],[71.826,0]],"c":true},"ix":2},"nm":"A","mn":"ADBE Vector Shape - Group","hd":false},{"ind":1,"ty":"sh","ix":2,"ks":{"a":0,"k":{"i":[[0,0],[0,0],[0,0]],"o":[[0,0],[0,0],[0,0]],"v":[[25.684,-28.32],[35.352,-54.883],[45.215,-28.32]],"c":true},"ix":2},"nm":"A","mn":"ADBE Vector Shape - Group","hd":false}],"nm":"A","np":5,"cix":2,"bm":0,"ix":1,"mn":"ADBE Vector Group","hd":false}]},"fFamily":"Arial"},{"ch":"B","size":15,"style":"Bold","w":72.22,"data":{"shapes":[{"ty":"gr","it":[{"ind":0,"ty":"sh","ix":1,"ks":{"a":0,"k":{"i":[[0,0],[0,0],[-2.409,0.261],[-2.621,1.839],[-1.514,3.076],[0,3.255],[2.344,3.06],[4.362,1.27],[-1.807,2.8],[0,3.353],[1.465,2.49],[2.197,1.498],[2.783,0.472],[5.664,0],[0,0]],"o":[[0,0],[9.212,-0.065],[3.841,-0.423],[2.62,-1.839],[1.514,-3.076],[0,-4.134],[-2.344,-3.059],[3.092,-1.399],[1.807,-2.799],[0,-3.092],[-1.465,-2.49],[-2.197,-1.497],[-2.783,-0.471],[0,0],[0,0]],"v":[[7.324,0],[31.689,0],[49.121,-0.488],[58.813,-3.882],[65.015,-11.255],[67.285,-20.752],[63.77,-31.543],[53.711,-38.037],[61.06,-44.336],[63.77,-53.564],[61.572,-61.938],[56.079,-67.92],[48.608,-70.874],[35.938,-71.582],[7.324,-71.582]],"c":true},"ix":2},"nm":"B","mn":"ADBE Vector Shape - Group","hd":false},{"ind":1,"ty":"sh","ix":2,"ks":{"a":0,"k":{"i":[[0,0],[-1.433,-0.163],[-1.221,-1.383],[0,-2.213],[1.416,-1.416],[2.473,-0.293],[5.631,0],[0,0],[0,0]],"o":[[6.803,0],[2.409,0.293],[1.221,1.384],[0,2.312],[-1.416,1.416],[-1.367,0.163],[0,0],[0,0],[0,0]],"v":[[30.078,-59.668],[42.432,-59.424],[47.876,-56.909],[49.707,-51.514],[47.583,-45.923],[41.748,-43.359],[31.25,-43.115],[21.777,-43.115],[21.777,-59.668]],"c":true},"ix":2},"nm":"B","mn":"ADBE Vector Shape - Group","hd":false},{"ind":2,"ty":"sh","ix":3,"ks":{"a":0,"k":{"i":[[0,0],[-1.97,-0.684],[-1.042,-1.497],[0,-2.148],[1.35,-1.514],[2.148,-0.391],[5.208,0],[0,0],[0,0]],"o":[[6.575,0],[1.969,0.684],[1.041,1.498],[0,2.539],[-1.351,1.514],[-1.4,0.293],[0,0],[0,0],[0,0]],"v":[[33.447,-31.201],[46.265,-30.176],[50.781,-26.904],[52.344,-21.436],[50.317,-15.356],[45.068,-12.5],[35.156,-12.061],[21.777,-12.061],[21.777,-31.201]],"c":true},"ix":2},"nm":"B","mn":"ADBE Vector Shape - Group","hd":false}],"nm":"B","np":6,"cix":2,"bm":0,"ix":1,"mn":"ADBE Vector Group","hd":false}]},"fFamily":"Arial"},{"ch":"U","size":15,"style":"Bold","w":72.22,"data":{"shapes":[{"ty":"gr","it":[{"ind":0,"ty":"sh","ix":1,"ks":{"a":0,"k":{"i":[[0,0],[-0.945,-4.102],[-2.051,-2.522],[-3.532,-1.579],[-6.836,0],[-3.516,1.448],[-2.1,2.441],[-0.781,3.548],[0,8.594],[0,0],[0,0],[0,0],[0.423,-2.441],[2.083,-1.676],[4.102,0],[2.327,1.775],[0.618,2.93],[0,6.152],[0,0],[0,0]],"o":[[0,8.008],[0.651,2.767],[2.051,2.523],[3.532,1.579],[5.664,0],[3.516,-1.448],[2.1,-2.441],[0.781,-3.548],[0,0],[0,0],[0,0],[0,5.664],[-0.423,2.441],[-2.084,1.677],[-4.037,0],[-2.328,-1.774],[-0.359,-1.823],[0,0],[0,0],[0,0]],"v":[[7.178,-33.398],[8.594,-15.234],[12.646,-7.3],[21.021,-1.147],[36.572,1.221],[50.342,-0.952],[58.765,-6.787],[63.086,-15.771],[64.258,-33.984],[64.258,-71.582],[49.805,-71.582],[49.805,-31.982],[49.17,-19.824],[45.41,-13.647],[36.133,-11.133],[26.587,-13.794],[22.168,-20.85],[21.631,-32.812],[21.631,-71.582],[7.178,-71.582]],"c":true},"ix":2},"nm":"U","mn":"ADBE Vector Shape - Group","hd":false}],"nm":"U","np":3,"cix":2,"bm":0,"ix":1,"mn":"ADBE Vector Group","hd":false}]},"fFamily":"Arial"},{"ch":"L","size":15,"style":"Bold","w":61.08,"data":{"shapes":[{"ty":"gr","it":[{"ind":0,"ty":"sh","ix":1,"ks":{"a":0,"k":{"i":[[0,0],[0,0],[0,0],[0,0],[0,0],[0,0]],"o":[[0,0],[0,0],[0,0],[0,0],[0,0],[0,0]],"v":[[58.057,0],[58.057,-12.061],[22.119,-12.061],[22.119,-70.996],[7.666,-70.996],[7.666,0]],"c":true},"ix":2},"nm":"L","mn":"ADBE Vector Shape - Group","hd":false}],"nm":"L","np":3,"cix":2,"bm":0,"ix":1,"mn":"ADBE Vector Group","hd":false}]},"fFamily":"Arial"},{"ch":" ","size":15,"style":"Bold","w":27.78,"data":{},"fFamily":"Arial"},{"ch":"H","size":15,"style":"Bold","w":72.22,"data":{"shapes":[{"ty":"gr","it":[{"ind":0,"ty":"sh","ix":1,"ks":{"a":0,"k":{"i":[[0,0],[0,0],[0,0],[0,0],[0,0],[0,0],[0,0],[0,0],[0,0],[0,0],[0,0],[0,0]],"o":[[0,0],[0,0],[0,0],[0,0],[0,0],[0,0],[0,0],[0,0],[0,0],[0,0],[0,0],[0,0]],"v":[[21.777,0],[21.777,-31.299],[50.098,-31.299],[50.098,0],[64.551,0],[64.551,-71.582],[50.098,-71.582],[50.098,-43.408],[21.777,-43.408],[21.777,-71.582],[7.324,-71.582],[7.324,0]],"c":true},"ix":2},"nm":"H","mn":"ADBE Vector Shape - Group","hd":false}],"nm":"H","np":3,"cix":2,"bm":0,"ix":1,"mn":"ADBE Vector Group","hd":false}]},"fFamily":"Arial"}]}