{"v":"5.7.4","fr":25,"ip":0,"op":63,"w":1000,"h":1000,"nm":"Comp 1","ddd":0,"assets":[],"layers":[{"ddd":0,"ind":1,"ty":4,"nm":"Layer 3","sr":1,"ks":{"o":{"a":0,"k":100,"ix":11},"r":{"a":0,"k":0,"ix":10},"p":{"a":0,"k":[677.578,390.461,0],"ix":2,"l":2},"a":{"a":0,"k":[-147.85,-132.239,0],"ix":1,"l":2},"s":{"a":1,"k":[{"i":{"x":[0.833,0.833,0.833],"y":[1,1,1]},"o":{"x":[0.33,0.33,0.33],"y":[0,0,0]},"t":13,"s":[691.253,776.795,100]},{"i":{"x":[0.833,0.833,0.833],"y":[1,1,1]},"o":{"x":[0.33,0.33,0.33],"y":[0,0,0]},"t":15,"s":[691.253,1221.795,100]},{"t":21,"s":[691.253,776.795,100]}],"ix":6,"l":2}},"ao":0,"shapes":[{"ty":"gr","it":[{"ind":0,"ty":"sh","ix":1,"ks":{"a":0,"k":{"i":[[0,0],[0,0],[0,0],[0,0]],"o":[[0,0],[0,0],[0,0],[0,0]],"v":[[-149.062,-139.062],[-146.781,-139.062],[-146.781,-132.25],[-149.062,-132.25]],"c":true},"ix":2},"nm":"Path 1","mn":"ADBE Vector Shape - Group","hd":false},{"ty":"fl","c":{"a":0,"k":[1,0.611764705882,0,1],"ix":4},"o":{"a":0,"k":100,"ix":5},"r":1,"bm":0,"nm":"Fill 1","mn":"ADBE Vector Graphic - Fill","hd":false},{"ty":"tr","p":{"a":0,"k":[0,0],"ix":2},"a":{"a":0,"k":[0,0],"ix":1},"s":{"a":0,"k":[100,100],"ix":3},"r":{"a":0,"k":0,"ix":6},"o":{"a":0,"k":100,"ix":7},"sk":{"a":0,"k":0,"ix":4},"sa":{"a":0,"k":0,"ix":5},"nm":"Transform"}],"nm":"Group 1","np":2,"cix":2,"bm":0,"ix":1,"mn":"ADBE Vector Group","hd":false}],"ip":0,"op":250,"st":0,"bm":0},{"ddd":0,"ind":2,"ty":4,"nm":"Layer 2","sr":1,"ks":{"o":{"a":0,"k":100,"ix":11},"r":{"a":0,"k":0,"ix":10},"p":{"a":1,"k":[{"i":{"x":0,"y":1},"o":{"x":0.734,"y":0},"t":13,"s":[677.625,338.719,0],"to":[0,-15.667,0],"ti":[0,-0.167,0]},{"i":{"x":0.127,"y":1},"o":{"x":1,"y":0},"t":18.714,"s":[677.625,244.719,0],"to":[0,0.167,0],"ti":[0,-5.833,0]},{"i":{"x":0,"y":1},"o":{"x":0.84,"y":0},"t":24.429,"s":[677.625,339.719,0],"to":[0,5.833,0],"ti":[0,0.333,0]},{"i":{"x":0,"y":1},"o":{"x":1,"y":0},"t":27.857,"s":[677.625,279.719,0],"to":[0,-0.333,0],"ti":[0,-2.5,0]},{"i":{"x":0,"y":1},"o":{"x":0.979,"y":0},"t":31.286,"s":[677.625,337.719,0],"to":[0,2.5,0],"ti":[0,0.167,0]},{"i":{"x":0,"y":1},"o":{"x":1,"y":0},"t":34.143,"s":[677.625,294.719,0],"to":[0,-0.167,0],"ti":[0,-2.167,0]},{"i":{"x":0,"y":1},"o":{"x":0.167,"y":0},"t":37,"s":[677.625,336.719,0],"to":[0,2.167,0],"ti":[0,0,0]},{"i":{"x":0,"y":1},"o":{"x":1,"y":0},"t":39.286,"s":[677.625,307.719,0],"to":[0,0,0],"ti":[0,-2.167,0]},{"i":{"x":0,"y":1},"o":{"x":0.167,"y":0},"t":41.571,"s":[677.625,336.719,0],"to":[0,2.167,0],"ti":[0,-0.333,0]},{"i":{"x":0.833,"y":1},"o":{"x":1,"y":0},"t":43.857,"s":[677.625,320.719,0],"to":[0,0.333,0],"ti":[0,-3,0]},{"t":45,"s":[677.625,338.719,0]}],"ix":2,"l":2},"a":{"a":0,"k":[-147.955,-138.815,0],"ix":1,"l":2},"s":{"a":1,"k":[{"i":{"x":[0,0,0.667],"y":[1,1,1]},"o":{"x":[0.896,0.896,0.333],"y":[0,0,0]},"t":13,"s":[1100.192,1305.443,100]},{"i":{"x":[0.064,0.064,0.667],"y":[1,1,1]},"o":{"x":[0.944,0.944,0.333],"y":[0,0,0]},"t":18.714,"s":[1144.859,1358.443,100]},{"i":{"x":[0,0,0.667],"y":[3.777,1.302,1]},"o":{"x":[0.832,0.832,0.333],"y":[-2.31,-0.251,0]},"t":24.429,"s":[1100.192,947.443,100]},{"i":{"x":[0.064,0.064,0.667],"y":[1,1,1]},"o":{"x":[1,1,0.333],"y":[0,0,0]},"t":27.857,"s":[1144.859,1358.443,100]},{"i":{"x":[0.07,0.07,0.667],"y":[4.879,1.422,1]},"o":{"x":[0.832,0.832,0.333],"y":[0,0,0]},"t":31.286,"s":[1100.192,947.443,100]},{"i":{"x":[0.064,0.064,0.667],"y":[1,1,1]},"o":{"x":[0.333,0.333,0.333],"y":[0,0,0]},"t":34.143,"s":[1144.859,1358.443,100]},{"i":{"x":[0.07,0.07,0.667],"y":[1,1,1]},"o":{"x":[0.832,0.832,0.333],"y":[0,0,0]},"t":37,"s":[1100.192,947.443,100]},{"i":{"x":[0.064,0.064,0.667],"y":[1,1,1]},"o":{"x":[0.333,0.333,0.333],"y":[0,0,0]},"t":39.286,"s":[1144.859,1358.443,100]},{"i":{"x":[0.07,0.07,0.667],"y":[1,1,1]},"o":{"x":[0.832,0.832,0.333],"y":[0,0,0]},"t":41.571,"s":[1100.192,947.443,100]},{"i":{"x":[0.667,0.667,0.667],"y":[1,1,1]},"o":{"x":[0.333,0.333,0.333],"y":[0,0,0]},"t":43.857,"s":[1144.859,1358.443,100]},{"t":45,"s":[1100.192,1305.443,100]}],"ix":6,"l":2}},"ao":0,"shapes":[{"ty":"gr","it":[{"ind":0,"ty":"sh","ix":1,"ks":{"a":0,"k":{"i":[[0,-0.604],[0.673,0],[0,0.604],[-0.673,0]],"o":[[0,0.604],[-0.673,0],[0,-0.604],[0.673,0]],"v":[[-146.781,-140.906],[-148,-139.812],[-149.219,-140.906],[-148,-142]],"c":true},"ix":2},"nm":"Path 1","mn":"ADBE Vector Shape - Group","hd":false},{"ty":"fl","c":{"a":0,"k":[1,0.611764705882,0,1],"ix":4},"o":{"a":0,"k":100,"ix":5},"r":1,"bm":0,"nm":"Fill 1","mn":"ADBE Vector Graphic - Fill","hd":false},{"ty":"tr","p":{"a":0,"k":[0,0],"ix":2},"a":{"a":0,"k":[0,0],"ix":1},"s":{"a":0,"k":[100,100],"ix":3},"r":{"a":0,"k":0,"ix":6},"o":{"a":0,"k":100,"ix":7},"sk":{"a":0,"k":0,"ix":4},"sa":{"a":0,"k":0,"ix":5},"nm":"Transform"}],"nm":"Group 1","np":2,"cix":2,"bm":0,"ix":1,"mn":"ADBE Vector Group","hd":false}],"ip":0,"op":252,"st":2,"bm":0},{"ddd":0,"ind":3,"ty":4,"nm":"e Outlines","sr":1,"ks":{"o":{"a":0,"k":100,"ix":11},"r":{"a":0,"k":0,"ix":10},"p":{"a":0,"k":[838.001,365.958,0],"ix":2,"l":2},"a":{"a":0,"k":[0.001,-25.405,0],"ix":1,"l":2},"s":{"a":0,"k":[100,100,100],"ix":6,"l":2}},"ao":0,"shapes":[{"ty":"gr","it":[{"ind":0,"ty":"sh","ix":1,"ks":{"a":0,"k":{"i":[[-5.135,0],[0,-5.594],[0,0]],"o":[[5.227,0],[0,0],[0.917,-5.686]],"v":[[0.199,-39.34],[9.828,-30.537],[-9.797,-30.537]],"c":true},"ix":2},"nm":"e","mn":"ADBE Vector Shape - Group","hd":false},{"ind":1,"ty":"sh","ix":2,"ks":{"a":0,"k":{"i":[[-2.476,9.996],[0,0],[4.402,0],[0.55,6.694],[0,0],[0,1.467],[14.947,0],[0,-16.231],[-15.039,0]],"o":[[0,0],[-1.284,2.751],[-5.044,0],[0,0],[0.183,-1.559],[0,-15.589],[-15.223,0],[0,16.231],[12.747,0]],"v":[[24.683,-16.965],[7.993,-16.965],[-0.168,-12.013],[-9.888,-21.825],[25.6,-21.825],[25.875,-26.41],[0.382,-51.903],[-25.478,-25.585],[0.382,0.734]],"c":true},"ix":2},"nm":"e","mn":"ADBE Vector Shape - Group","hd":false},{"ty":"mm","mm":1,"nm":"Merge Paths 1","mn":"ADBE Vector Filter - Merge","hd":false},{"ty":"fl","c":{"a":0,"k":[1,0.611764705882,0,1],"ix":4},"o":{"a":0,"k":100,"ix":5},"r":1,"bm":0,"nm":"Fill 1","mn":"ADBE Vector Graphic - Fill","hd":false},{"ty":"tr","p":{"a":0,"k":[0,0],"ix":2},"a":{"a":0,"k":[0,0],"ix":1},"s":{"a":0,"k":[100,100],"ix":3},"r":{"a":0,"k":0,"ix":6},"o":{"a":0,"k":100,"ix":7},"sk":{"a":0,"k":0,"ix":4},"sa":{"a":0,"k":0,"ix":5},"nm":"Transform"}],"nm":"e","np":5,"cix":2,"bm":0,"ix":1,"mn":"ADBE Vector Group","hd":false}],"ip":0,"op":250,"st":0,"bm":0},{"ddd":0,"ind":4,"ty":4,"nm":"u Outlines","sr":1,"ks":{"o":{"a":0,"k":100,"ix":11},"r":{"a":0,"k":0,"ix":10},"p":{"a":0,"k":[779.68,377.932,0],"ix":2,"l":2},"a":{"a":0,"k":[-1.32,-13.522,0],"ix":1,"l":2},"s":{"a":0,"k":[100,100,100],"ix":6,"l":2}},"ao":0,"shapes":[{"ty":"gr","it":[{"ind":0,"ty":"sh","ix":1,"ks":{"a":0,"k":{"i":[[0,0],[0,0],[0,0],[6.052,0],[0,6.969],[0,0],[0,0],[0,0],[-11.83,0],[-3.118,4.402],[0,0],[0,0]],"o":[[0,0],[0,0],[0,6.969],[-5.869,0],[0,0],[0,0],[0,0],[0,13.664],[6.878,0],[0,0],[0,0],[0,0]],"v":[[25.527,-51.17],[9.846,-51.17],[9.846,-23.384],[-0.058,-12.563],[-9.87,-23.384],[-9.87,-51.17],[-25.459,-51.17],[-25.459,-21.275],[-5.651,0.55],[9.846,-6.969],[9.846,0],[25.527,0]],"c":true},"ix":2},"nm":"u","mn":"ADBE Vector Shape - Group","hd":false},{"ty":"fl","c":{"a":0,"k":[1,0.611764705882,0,1],"ix":4},"o":{"a":0,"k":100,"ix":5},"r":1,"bm":0,"nm":"Fill 1","mn":"ADBE Vector Graphic - Fill","hd":false},{"ty":"tr","p":{"a":0,"k":[0,0],"ix":2},"a":{"a":0,"k":[0,0],"ix":1},"s":{"a":0,"k":[100,100],"ix":3},"r":{"a":0,"k":0,"ix":6},"o":{"a":0,"k":100,"ix":7},"sk":{"a":0,"k":0,"ix":4},"sa":{"a":0,"k":0,"ix":5},"nm":"Transform"}],"nm":"u","np":3,"cix":2,"bm":0,"ix":1,"mn":"ADBE Vector Group","hd":false}],"ip":0,"op":250,"st":0,"bm":0},{"ddd":0,"ind":5,"ty":4,"nm":"q Outlines","sr":1,"ks":{"o":{"a":0,"k":100,"ix":11},"r":{"a":0,"k":0,"ix":10},"p":{"a":0,"k":[717.68,376.841,0],"ix":2,"l":2},"a":{"a":0,"k":[-1.32,-13.522,0],"ix":1,"l":2},"s":{"a":0,"k":[100,100,100],"ix":6,"l":2}},"ao":0,"shapes":[{"ty":"gr","it":[{"ind":0,"ty":"sh","ix":1,"ks":{"a":0,"k":{"i":[[0,-15.589],[-12.563,0],[-3.301,4.035],[0,0],[0,0],[0,0],[0,0],[0,0],[6.694,0]],"o":[[0,15.589],[6.786,0],[0,0],[0,0],[0,0],[0,0],[0,0],[-3.118,-3.851],[-12.747,0]],"v":[[-28.345,-25.493],[-5.145,0.642],[9.986,-6.419],[9.986,24.393],[25.667,24.393],[25.667,-51.17],[9.986,-51.17],[9.986,-45.301],[-4.961,-51.72]],"c":true},"ix":2},"nm":"q","mn":"ADBE Vector Shape - Group","hd":false},{"ind":1,"ty":"sh","ix":2,"ks":{"a":0,"k":{"i":[[0,-8.62],[5.319,0],[0,8.62],[-5.227,0]],"o":[[0,8.62],[-5.227,0],[0,-8.62],[5.319,0]],"v":[[9.986,-25.585],[-1.202,-12.93],[-12.389,-25.493],[-1.202,-38.148]],"c":true},"ix":2},"nm":"q","mn":"ADBE Vector Shape - Group","hd":false},{"ty":"mm","mm":1,"nm":"Merge Paths 1","mn":"ADBE Vector Filter - Merge","hd":false},{"ty":"fl","c":{"a":0,"k":[1,0.611764705882,0,1],"ix":4},"o":{"a":0,"k":100,"ix":5},"r":1,"bm":0,"nm":"Fill 1","mn":"ADBE Vector Graphic - Fill","hd":false},{"ty":"tr","p":{"a":0,"k":[0,0],"ix":2},"a":{"a":0,"k":[0,0],"ix":1},"s":{"a":0,"k":[100,100],"ix":3},"r":{"a":0,"k":0,"ix":6},"o":{"a":0,"k":100,"ix":7},"sk":{"a":0,"k":0,"ix":4},"sa":{"a":0,"k":0,"ix":5},"nm":"Transform"}],"nm":"q","np":5,"cix":2,"bm":0,"ix":1,"mn":"ADBE Vector Group","hd":false}],"ip":0,"op":250,"st":0,"bm":0},{"ddd":0,"ind":6,"ty":4,"nm":"n Outlines","sr":1,"ks":{"o":{"a":0,"k":100,"ix":11},"r":{"a":0,"k":0,"ix":10},"p":{"a":0,"k":[635.228,364.684,0],"ix":2,"l":2},"a":{"a":0,"k":[0.228,-25.678,0],"ix":1,"l":2},"s":{"a":0,"k":[100,100,100],"ix":6,"l":2}},"ao":0,"shapes":[{"ty":"gr","it":[{"ind":0,"ty":"sh","ix":1,"ks":{"a":0,"k":{"i":[[0,0],[0,0],[0,0],[11.83,0],[3.118,-4.31],[0,0],[0,0],[0,0],[0,0],[0,0],[-5.961,0],[0,-6.969]],"o":[[0,0],[0,0],[0,-13.755],[-6.878,0],[0,0],[0,0],[0,0],[0,0],[0,0],[0,-6.969],[5.961,0],[0,0]],"v":[[10.305,0],[25.894,0],[25.894,-29.895],[6.178,-51.72],[-9.319,-44.384],[-9.319,-51.17],[-25.001,-51.17],[-25.001,0],[-9.319,0],[-9.319,-27.786],[0.493,-38.607],[10.305,-27.786]],"c":true},"ix":2},"nm":"n","mn":"ADBE Vector Shape - Group","hd":false},{"ty":"fl","c":{"a":0,"k":[1,0.611764705882,0,1],"ix":4},"o":{"a":0,"k":100,"ix":5},"r":1,"bm":0,"nm":"Fill 1","mn":"ADBE Vector Graphic - Fill","hd":false},{"ty":"tr","p":{"a":0,"k":[0,0],"ix":2},"a":{"a":0,"k":[0,0],"ix":1},"s":{"a":0,"k":[100,100],"ix":3},"r":{"a":0,"k":0,"ix":6},"o":{"a":0,"k":100,"ix":7},"sk":{"a":0,"k":0,"ix":4},"sa":{"a":0,"k":0,"ix":5},"nm":"Transform"}],"nm":"n","np":3,"cix":2,"bm":0,"ix":1,"mn":"ADBE Vector Group","hd":false}],"ip":0,"op":250,"st":0,"bm":0},{"ddd":0,"ind":7,"ty":4,"nm":"U Outlines","sr":1,"ks":{"o":{"a":0,"k":100,"ix":11},"r":{"a":0,"k":0,"ix":10},"p":{"a":0,"k":[573,388.861,0],"ix":2,"l":2},"a":{"a":0,"k":[0,0,0],"ix":1,"l":2},"s":{"a":0,"k":[100,100,100],"ix":6,"l":2}},"ao":0,"shapes":[{"ty":"gr","it":[{"ind":0,"ty":"sh","ix":1,"ks":{"a":0,"k":{"i":[[0,0],[-14.947,0],[0,17.79],[0,0],[0,0],[0,0],[7.428,0],[0,7.611],[0,0],[0,0]],"o":[[0,17.79],[14.856,0],[0,0],[0,0],[0,0],[0,7.611],[-7.428,0],[0,0],[0,0],[0,0]],"v":[[-26.687,-25.952],[-0.093,0.642],[27.234,-25.952],[27.234,-64.375],[11.553,-64.375],[11.553,-25.86],[0.182,-13.847],[-11.005,-25.86],[-11.005,-64.375],[-26.687,-64.375]],"c":true},"ix":2},"nm":"U","mn":"ADBE Vector Shape - Group","hd":false},{"ty":"fl","c":{"a":0,"k":[1,0.611764705882,0,1],"ix":4},"o":{"a":0,"k":100,"ix":5},"r":1,"bm":0,"nm":"Fill 1","mn":"ADBE Vector Graphic - Fill","hd":false},{"ty":"tr","p":{"a":0,"k":[0,0],"ix":2},"a":{"a":0,"k":[0,0],"ix":1},"s":{"a":0,"k":[100,100],"ix":3},"r":{"a":0,"k":0,"ix":6},"o":{"a":0,"k":100,"ix":7},"sk":{"a":0,"k":0,"ix":4},"sa":{"a":0,"k":0,"ix":5},"nm":"Transform"}],"nm":"U","np":3,"cix":2,"bm":0,"ix":1,"mn":"ADBE Vector Group","hd":false}],"ip":0,"op":250,"st":0,"bm":0},{"ddd":0,"ind":8,"ty":4,"nm":"We Build                     Digital Instruments For Your Business Outlines","sr":1,"ks":{"o":{"a":0,"k":100,"ix":11},"r":{"a":0,"k":0,"ix":10},"p":{"a":0,"k":[501.047,463.57,0],"ix":2,"l":2},"a":{"a":0,"k":[1.047,72.937,0],"ix":1,"l":2},"s":{"a":0,"k":[100,100,100],"ix":6,"l":2}},"ao":0,"shapes":[{"ty":"gr","it":[{"ind":0,"ty":"sh","ix":1,"ks":{"a":0,"k":{"i":[[0,0],[0,0],[0,0],[0,0],[0,0],[0,0],[0,0],[0,0],[0,0],[0,0],[0,0],[0,0],[0,0]],"o":[[0,0],[0,0],[0,0],[0,0],[0,0],[0,0],[0,0],[0,0],[0,0],[0,0],[0,0],[0,0],[0,0]],"v":[[-378.474,0],[-359.492,0],[-348.855,-42.366],[-338.584,0],[-319.602,0],[-302.82,-64.375],[-319.693,-64.375],[-329.047,-17.515],[-340.051,-64.375],[-357.291,-64.375],[-368.754,-17.515],[-378.016,-64.375],[-394.797,-64.375]],"c":true},"ix":2},"nm":"W","mn":"ADBE Vector Shape - Group","hd":false},{"ty":"fl","c":{"a":0,"k":[1,1,1,1],"ix":4},"o":{"a":0,"k":100,"ix":5},"r":1,"bm":0,"nm":"Fill 1","mn":"ADBE Vector Graphic - Fill","hd":false},{"ty":"tr","p":{"a":0,"k":[0,0],"ix":2},"a":{"a":0,"k":[0,0],"ix":1},"s":{"a":0,"k":[100,100],"ix":3},"r":{"a":0,"k":0,"ix":6},"o":{"a":0,"k":100,"ix":7},"sk":{"a":0,"k":0,"ix":4},"sa":{"a":0,"k":0,"ix":5},"nm":"Transform"}],"nm":"W","np":3,"cix":2,"bm":0,"ix":1,"mn":"ADBE Vector Group","hd":false},{"ty":"gr","it":[{"ind":0,"ty":"sh","ix":1,"ks":{"a":0,"k":{"i":[[-5.135,0],[0,-5.594],[0,0]],"o":[[5.227,0],[0,0],[0.917,-5.686]],"v":[[-273.055,-39.34],[-263.426,-30.537],[-283.05,-30.537]],"c":true},"ix":2},"nm":"e","mn":"ADBE Vector Shape - Group","hd":false},{"ind":1,"ty":"sh","ix":2,"ks":{"a":0,"k":{"i":[[-2.476,9.996],[0,0],[4.402,0],[0.55,6.694],[0,0],[0,1.467],[14.947,0],[0,-16.231],[-15.039,0]],"o":[[0,0],[-1.284,2.751],[-5.044,0],[0,0],[0.183,-1.559],[0,-15.589],[-15.223,0],[0,16.231],[12.747,0]],"v":[[-248.57,-16.965],[-265.26,-16.965],[-273.421,-12.013],[-283.142,-21.825],[-247.653,-21.825],[-247.378,-26.41],[-272.871,-51.903],[-298.731,-25.585],[-272.871,0.734]],"c":true},"ix":2},"nm":"e","mn":"ADBE Vector Shape - Group","hd":false},{"ty":"mm","mm":1,"nm":"Merge Paths 1","mn":"ADBE Vector Filter - Merge","hd":false},{"ty":"fl","c":{"a":0,"k":[1,1,1,1],"ix":4},"o":{"a":0,"k":100,"ix":5},"r":1,"bm":0,"nm":"Fill 1","mn":"ADBE Vector Graphic - Fill","hd":false},{"ty":"tr","p":{"a":0,"k":[0,0],"ix":2},"a":{"a":0,"k":[0,0],"ix":1},"s":{"a":0,"k":[100,100],"ix":3},"r":{"a":0,"k":0,"ix":6},"o":{"a":0,"k":100,"ix":7},"sk":{"a":0,"k":0,"ix":4},"sa":{"a":0,"k":0,"ix":5},"nm":"Transform"}],"nm":"e","np":5,"cix":2,"bm":0,"ix":2,"mn":"ADBE Vector Group","hd":false},{"ty":"gr","it":[{"ind":0,"ty":"sh","ix":1,"ks":{"a":0,"k":{"i":[[0,-4.585],[5.227,0],[0,0],[0,0],[0,0]],"o":[[0,4.585],[0,0],[0,0],[0,0],[5.227,0]],"v":[[-184.73,-19.624],[-192.983,-12.655],[-204.538,-12.655],[-204.538,-26.869],[-193.167,-26.869]],"c":true},"ix":2},"nm":"B","mn":"ADBE Vector Shape - Group","hd":false},{"ind":1,"ty":"sh","ix":2,"ks":{"a":0,"k":{"i":[[0,-4.402],[5.135,0],[0,0],[0,0],[0,0]],"o":[[0,4.402],[0,0],[0,0],[0,0],[5.135,0]],"v":[[-186.289,-45.026],[-194.267,-38.331],[-204.538,-38.331],[-204.538,-51.812],[-194.267,-51.812]],"c":true},"ix":2},"nm":"B","mn":"ADBE Vector Shape - Group","hd":false},{"ind":2,"ty":"sh","ix":3,"ks":{"a":0,"k":{"i":[[0,10.637],[7.52,1.559],[0,7.795],[13.113,0],[0,0],[0,0],[0,0]],"o":[[0,-7.336],[6.236,-1.834],[0,-10.179],[0,0],[0,0],[0,0],[13.572,0]],"v":[[-168.866,-17.515],[-181.246,-33.013],[-170.333,-47.685],[-191.241,-64.375],[-220.219,-64.375],[-220.219,0],[-190.232,0]],"c":true},"ix":2},"nm":"B","mn":"ADBE Vector Shape - Group","hd":false},{"ty":"mm","mm":1,"nm":"Merge Paths 1","mn":"ADBE Vector Filter - Merge","hd":false},{"ty":"fl","c":{"a":0,"k":[1,1,1,1],"ix":4},"o":{"a":0,"k":100,"ix":5},"r":1,"bm":0,"nm":"Fill 1","mn":"ADBE Vector Graphic - Fill","hd":false},{"ty":"tr","p":{"a":0,"k":[0,0],"ix":2},"a":{"a":0,"k":[0,0],"ix":1},"s":{"a":0,"k":[100,100],"ix":3},"r":{"a":0,"k":0,"ix":6},"o":{"a":0,"k":100,"ix":7},"sk":{"a":0,"k":0,"ix":4},"sa":{"a":0,"k":0,"ix":5},"nm":"Transform"}],"nm":"B","np":6,"cix":2,"bm":0,"ix":3,"mn":"ADBE Vector Group","hd":false},{"ty":"gr","it":[{"ind":0,"ty":"sh","ix":1,"ks":{"a":0,"k":{"i":[[0,0],[0,0],[0,0],[6.052,0],[0,6.969],[0,0],[0,0],[0,0],[-11.83,0],[-3.118,4.402],[0,0],[0,0]],"o":[[0,0],[0,0],[0,6.969],[-5.869,0],[0,0],[0,0],[0,0],[0,13.664],[6.878,0],[0,0],[0,0],[0,0]],"v":[[-109.685,-51.17],[-125.366,-51.17],[-125.366,-23.384],[-135.27,-12.563],[-145.082,-23.384],[-145.082,-51.17],[-160.671,-51.17],[-160.671,-21.275],[-140.863,0.55],[-125.366,-6.969],[-125.366,0],[-109.685,0]],"c":true},"ix":2},"nm":"u","mn":"ADBE Vector Shape - Group","hd":false},{"ty":"fl","c":{"a":0,"k":[1,1,1,1],"ix":4},"o":{"a":0,"k":100,"ix":5},"r":1,"bm":0,"nm":"Fill 1","mn":"ADBE Vector Graphic - Fill","hd":false},{"ty":"tr","p":{"a":0,"k":[0,0],"ix":2},"a":{"a":0,"k":[0,0],"ix":1},"s":{"a":0,"k":[100,100],"ix":3},"r":{"a":0,"k":0,"ix":6},"o":{"a":0,"k":100,"ix":7},"sk":{"a":0,"k":0,"ix":4},"sa":{"a":0,"k":0,"ix":5},"nm":"Transform"}],"nm":"u","np":3,"cix":2,"bm":0,"ix":4,"mn":"ADBE Vector Group","hd":false},{"ty":"gr","it":[{"ind":0,"ty":"sh","ix":1,"ks":{"a":0,"k":{"i":[[0,0],[0,0],[0,0],[0,0]],"o":[[0,0],[0,0],[0,0],[0,0]],"v":[[-98.84,0],[-83.159,0],[-83.159,-51.17],[-98.84,-51.17]],"c":true},"ix":2},"nm":"i","mn":"ADBE Vector Shape - Group","hd":false},{"ind":1,"ty":"sh","ix":2,"ks":{"a":0,"k":{"i":[[-5.594,0],[0,4.677],[5.502,0],[0,-4.769]],"o":[[5.502,0],[0,-4.769],[-5.594,0],[0,4.677]],"v":[[-90.954,-56.488],[-81.692,-64.925],[-90.954,-73.453],[-100.307,-64.925]],"c":true},"ix":2},"nm":"i","mn":"ADBE Vector Shape - Group","hd":false},{"ty":"mm","mm":1,"nm":"Merge Paths 1","mn":"ADBE Vector Filter - Merge","hd":false},{"ty":"fl","c":{"a":0,"k":[1,1,1,1],"ix":4},"o":{"a":0,"k":100,"ix":5},"r":1,"bm":0,"nm":"Fill 1","mn":"ADBE Vector Graphic - Fill","hd":false},{"ty":"tr","p":{"a":0,"k":[0,0],"ix":2},"a":{"a":0,"k":[0,0],"ix":1},"s":{"a":0,"k":[100,100],"ix":3},"r":{"a":0,"k":0,"ix":6},"o":{"a":0,"k":100,"ix":7},"sk":{"a":0,"k":0,"ix":4},"sa":{"a":0,"k":0,"ix":5},"nm":"Transform"}],"nm":"i","np":5,"cix":2,"bm":0,"ix":5,"mn":"ADBE Vector Group","hd":false},{"ty":"gr","it":[{"ind":0,"ty":"sh","ix":1,"ks":{"a":0,"k":{"i":[[0,0],[0,0],[0,0],[0,0]],"o":[[0,0],[0,0],[0,0],[0,0]],"v":[[-71.979,0],[-56.298,0],[-56.298,-67.859],[-71.979,-67.859]],"c":true},"ix":2},"nm":"l","mn":"ADBE Vector Shape - Group","hd":false},{"ty":"fl","c":{"a":0,"k":[1,1,1,1],"ix":4},"o":{"a":0,"k":100,"ix":5},"r":1,"bm":0,"nm":"Fill 1","mn":"ADBE Vector Graphic - Fill","hd":false},{"ty":"tr","p":{"a":0,"k":[0,0],"ix":2},"a":{"a":0,"k":[0,0],"ix":1},"s":{"a":0,"k":[100,100],"ix":3},"r":{"a":0,"k":0,"ix":6},"o":{"a":0,"k":100,"ix":7},"sk":{"a":0,"k":0,"ix":4},"sa":{"a":0,"k":0,"ix":5},"nm":"Transform"}],"nm":"l","np":3,"cix":2,"bm":0,"ix":6,"mn":"ADBE Vector Group","hd":false},{"ty":"gr","it":[{"ind":0,"ty":"sh","ix":1,"ks":{"a":0,"k":{"i":[[0,-16.14],[-12.563,0],[-2.843,4.677],[0,0],[0,0],[0,0],[0,0],[0,0],[6.786,0]],"o":[[0,16.14],[7.52,0],[0,0],[0,0],[0,0],[0,0],[0,0],[-3.118,-4.677],[-12.563,0]],"v":[[-48.235,-25.677],[-25.676,0.734],[-9.903,-7.336],[-9.903,0],[5.778,0],[5.778,-67.859],[-9.903,-67.859],[-9.903,-44.109],[-25.676,-51.903]],"c":true},"ix":2},"nm":"d","mn":"ADBE Vector Shape - Group","hd":false},{"ind":1,"ty":"sh","ix":2,"ks":{"a":0,"k":{"i":[[0,-8.161],[5.961,0],[0,8.161],[-5.869,0]],"o":[[0,8.161],[-5.869,0],[0,-8.161],[5.961,0]],"v":[[-9.903,-25.585],[-21.091,-12.93],[-32.279,-25.677],[-21.091,-38.24]],"c":true},"ix":2},"nm":"d","mn":"ADBE Vector Shape - Group","hd":false},{"ty":"mm","mm":1,"nm":"Merge Paths 1","mn":"ADBE Vector Filter - Merge","hd":false},{"ty":"fl","c":{"a":0,"k":[1,1,1,1],"ix":4},"o":{"a":0,"k":100,"ix":5},"r":1,"bm":0,"nm":"Fill 1","mn":"ADBE Vector Graphic - Fill","hd":false},{"ty":"tr","p":{"a":0,"k":[0,0],"ix":2},"a":{"a":0,"k":[0,0],"ix":1},"s":{"a":0,"k":[100,100],"ix":3},"r":{"a":0,"k":0,"ix":6},"o":{"a":0,"k":100,"ix":7},"sk":{"a":0,"k":0,"ix":4},"sa":{"a":0,"k":0,"ix":5},"nm":"Transform"}],"nm":"d","np":5,"cix":2,"bm":0,"ix":7,"mn":"ADBE Vector Group","hd":false},{"ty":"gr","it":[{"ind":0,"ty":"sh","ix":1,"ks":{"a":0,"k":{"i":[[20.541,0],[0,0],[0,0],[0,0],[0,19.074]],"o":[[0,0],[0,0],[0,0],[20.541,0],[0,-19.166]],"v":[[-422.564,44.894],[-446.682,44.894],[-446.682,109.269],[-422.564,109.269],[-388.818,77.081]],"c":true},"ix":2},"nm":"D","mn":"ADBE Vector Shape - Group","hd":false},{"ind":1,"ty":"sh","ix":2,"ks":{"a":0,"k":{"i":[[0,0],[0,0],[0,0],[0,-11.83],[11.83,0]],"o":[[0,0],[0,0],[11.83,0],[0,11.83],[0,0]],"v":[[-431.001,95.697],[-431.001,58.282],[-423.573,58.282],[-404.774,77.081],[-423.573,95.697]],"c":true},"ix":2},"nm":"D","mn":"ADBE Vector Shape - Group","hd":false},{"ty":"mm","mm":1,"nm":"Merge Paths 1","mn":"ADBE Vector Filter - Merge","hd":false},{"ty":"fl","c":{"a":0,"k":[1,1,1,1],"ix":4},"o":{"a":0,"k":100,"ix":5},"r":1,"bm":0,"nm":"Fill 1","mn":"ADBE Vector Graphic - Fill","hd":false},{"ty":"tr","p":{"a":0,"k":[0,0],"ix":2},"a":{"a":0,"k":[0,0],"ix":1},"s":{"a":0,"k":[100,100],"ix":3},"r":{"a":0,"k":0,"ix":6},"o":{"a":0,"k":100,"ix":7},"sk":{"a":0,"k":0,"ix":4},"sa":{"a":0,"k":0,"ix":5},"nm":"Transform"}],"nm":"D","np":5,"cix":2,"bm":0,"ix":8,"mn":"ADBE Vector Group","hd":false},{"ty":"gr","it":[{"ind":0,"ty":"sh","ix":1,"ks":{"a":0,"k":{"i":[[0,0],[0,0],[0,0],[0,0]],"o":[[0,0],[0,0],[0,0],[0,0]],"v":[[-380.484,109.269],[-364.803,109.269],[-364.803,58.099],[-380.484,58.099]],"c":true},"ix":2},"nm":"i","mn":"ADBE Vector Shape - Group","hd":false},{"ind":1,"ty":"sh","ix":2,"ks":{"a":0,"k":{"i":[[-5.594,0],[0,4.677],[5.502,0],[0,-4.768]],"o":[[5.502,0],[0,-4.768],[-5.594,0],[0,4.677]],"v":[[-372.598,52.78],[-363.336,44.344],[-372.598,35.815],[-381.951,44.344]],"c":true},"ix":2},"nm":"i","mn":"ADBE Vector Shape - Group","hd":false},{"ty":"mm","mm":1,"nm":"Merge Paths 1","mn":"ADBE Vector Filter - Merge","hd":false},{"ty":"fl","c":{"a":0,"k":[1,1,1,1],"ix":4},"o":{"a":0,"k":100,"ix":5},"r":1,"bm":0,"nm":"Fill 1","mn":"ADBE Vector Graphic - Fill","hd":false},{"ty":"tr","p":{"a":0,"k":[0,0],"ix":2},"a":{"a":0,"k":[0,0],"ix":1},"s":{"a":0,"k":[100,100],"ix":3},"r":{"a":0,"k":0,"ix":6},"o":{"a":0,"k":100,"ix":7},"sk":{"a":0,"k":0,"ix":4},"sa":{"a":0,"k":0,"ix":5},"nm":"Transform"}],"nm":"i","np":5,"cix":2,"bm":0,"ix":9,"mn":"ADBE Vector Group","hd":false},{"ty":"gr","it":[{"ind":0,"ty":"sh","ix":1,"ks":{"a":0,"k":{"i":[[0,-16.14],[-12.563,0],[-2.843,4.493],[0,0],[5.961,0],[1.009,3.851],[0,0],[-15.223,0],[0,13.664],[0,0],[0,0],[0,0],[7.52,0]],"o":[[0,16.14],[7.52,0],[0,0],[0,8.62],[-5.41,0],[0,0],[1.376,12.196],[17.698,0],[0,0],[0,0],[0,0],[-2.751,-4.585],[-12.563,0]],"v":[[-356.74,83.592],[-334.181,110.002],[-318.409,101.933],[-318.409,109.177],[-329.046,120.915],[-339.317,114.587],[-354.814,114.587],[-328.312,134.487],[-302.728,109.177],[-302.728,58.099],[-318.409,58.099],[-318.409,65.344],[-334.181,57.365]],"c":true},"ix":2},"nm":"g","mn":"ADBE Vector Shape - Group","hd":false},{"ind":1,"ty":"sh","ix":2,"ks":{"a":0,"k":{"i":[[0,-8.161],[5.961,0],[0,8.161],[-5.869,0]],"o":[[0,8.161],[-5.869,0],[0,-8.161],[5.961,0]],"v":[[-318.409,83.684],[-329.596,96.339],[-340.784,83.592],[-329.596,71.029]],"c":true},"ix":2},"nm":"g","mn":"ADBE Vector Shape - Group","hd":false},{"ty":"mm","mm":1,"nm":"Merge Paths 1","mn":"ADBE Vector Filter - Merge","hd":false},{"ty":"fl","c":{"a":0,"k":[1,1,1,1],"ix":4},"o":{"a":0,"k":100,"ix":5},"r":1,"bm":0,"nm":"Fill 1","mn":"ADBE Vector Graphic - Fill","hd":false},{"ty":"tr","p":{"a":0,"k":[0,0],"ix":2},"a":{"a":0,"k":[0,0],"ix":1},"s":{"a":0,"k":[100,100],"ix":3},"r":{"a":0,"k":0,"ix":6},"o":{"a":0,"k":100,"ix":7},"sk":{"a":0,"k":0,"ix":4},"sa":{"a":0,"k":0,"ix":5},"nm":"Transform"}],"nm":"g","np":5,"cix":2,"bm":0,"ix":10,"mn":"ADBE Vector Group","hd":false},{"ty":"gr","it":[{"ind":0,"ty":"sh","ix":1,"ks":{"a":0,"k":{"i":[[0,0],[0,0],[0,0],[0,0]],"o":[[0,0],[0,0],[0,0],[0,0]],"v":[[-291.796,109.269],[-276.115,109.269],[-276.115,58.099],[-291.796,58.099]],"c":true},"ix":2},"nm":"i","mn":"ADBE Vector Shape - Group","hd":false},{"ind":1,"ty":"sh","ix":2,"ks":{"a":0,"k":{"i":[[-5.594,0],[0,4.677],[5.502,0],[0,-4.768]],"o":[[5.502,0],[0,-4.768],[-5.594,0],[0,4.677]],"v":[[-283.909,52.78],[-274.647,44.344],[-283.909,35.815],[-293.263,44.344]],"c":true},"ix":2},"nm":"i","mn":"ADBE Vector Shape - Group","hd":false},{"ty":"mm","mm":1,"nm":"Merge Paths 1","mn":"ADBE Vector Filter - Merge","hd":false},{"ty":"fl","c":{"a":0,"k":[1,1,1,1],"ix":4},"o":{"a":0,"k":100,"ix":5},"r":1,"bm":0,"nm":"Fill 1","mn":"ADBE Vector Graphic - Fill","hd":false},{"ty":"tr","p":{"a":0,"k":[0,0],"ix":2},"a":{"a":0,"k":[0,0],"ix":1},"s":{"a":0,"k":[100,100],"ix":3},"r":{"a":0,"k":0,"ix":6},"o":{"a":0,"k":100,"ix":7},"sk":{"a":0,"k":0,"ix":4},"sa":{"a":0,"k":0,"ix":5},"nm":"Transform"}],"nm":"i","np":5,"cix":2,"bm":0,"ix":11,"mn":"ADBE Vector Group","hd":false},{"ty":"gr","it":[{"ind":0,"ty":"sh","ix":1,"ks":{"a":0,"k":{"i":[[0,0],[-10.637,0],[0,0],[0,0],[0,0],[0,3.026],[0,0],[0,0],[0,0],[0,0],[0,0],[0,0],[0,0],[0,0],[0,0],[0,0]],"o":[[0,13.297],[0,0],[0,0],[0,0],[-3.485,0],[0,0],[0,0],[0,0],[0,0],[0,0],[0,0],[0,0],[0,0],[0,0],[0,0],[0,0]],"v":[[-262.458,91.479],[-244.393,109.269],[-236.415,109.269],[-236.415,95.972],[-242.008,95.972],[-246.777,91.662],[-246.777,71.121],[-236.506,71.121],[-236.506,58.099],[-246.777,58.099],[-246.777,45.628],[-262.458,45.628],[-262.458,58.099],[-268.694,58.099],[-268.694,71.121],[-262.458,71.121]],"c":true},"ix":2},"nm":"t","mn":"ADBE Vector Shape - Group","hd":false},{"ty":"fl","c":{"a":0,"k":[1,1,1,1],"ix":4},"o":{"a":0,"k":100,"ix":5},"r":1,"bm":0,"nm":"Fill 1","mn":"ADBE Vector Graphic - Fill","hd":false},{"ty":"tr","p":{"a":0,"k":[0,0],"ix":2},"a":{"a":0,"k":[0,0],"ix":1},"s":{"a":0,"k":[100,100],"ix":3},"r":{"a":0,"k":0,"ix":6},"o":{"a":0,"k":100,"ix":7},"sk":{"a":0,"k":0,"ix":4},"sa":{"a":0,"k":0,"ix":5},"nm":"Transform"}],"nm":"t","np":3,"cix":2,"bm":0,"ix":12,"mn":"ADBE Vector Group","hd":false},{"ty":"gr","it":[{"ind":0,"ty":"sh","ix":1,"ks":{"a":0,"k":{"i":[[0,-16.14],[-12.471,0],[-2.843,4.493],[0,0],[0,0],[0,0],[0,0],[0,0],[7.611,0]],"o":[[0,16.14],[7.611,0],[0,0],[0,0],[0,0],[0,0],[0,0],[-2.751,-4.493],[-12.563,0]],"v":[[-231.083,83.592],[-208.616,110.002],[-192.752,102.024],[-192.752,109.269],[-177.071,109.269],[-177.071,58.099],[-192.752,58.099],[-192.752,65.344],[-208.525,57.365]],"c":true},"ix":2},"nm":"a","mn":"ADBE Vector Shape - Group","hd":false},{"ind":1,"ty":"sh","ix":2,"ks":{"a":0,"k":{"i":[[0,-8.161],[5.961,0],[0,8.161],[-5.869,0]],"o":[[0,8.161],[-5.869,0],[0,-8.161],[5.961,0]],"v":[[-192.752,83.684],[-203.94,96.339],[-215.127,83.592],[-203.94,71.029]],"c":true},"ix":2},"nm":"a","mn":"ADBE Vector Shape - Group","hd":false},{"ty":"mm","mm":1,"nm":"Merge Paths 1","mn":"ADBE Vector Filter - Merge","hd":false},{"ty":"fl","c":{"a":0,"k":[1,1,1,1],"ix":4},"o":{"a":0,"k":100,"ix":5},"r":1,"bm":0,"nm":"Fill 1","mn":"ADBE Vector Graphic - Fill","hd":false},{"ty":"tr","p":{"a":0,"k":[0,0],"ix":2},"a":{"a":0,"k":[0,0],"ix":1},"s":{"a":0,"k":[100,100],"ix":3},"r":{"a":0,"k":0,"ix":6},"o":{"a":0,"k":100,"ix":7},"sk":{"a":0,"k":0,"ix":4},"sa":{"a":0,"k":0,"ix":5},"nm":"Transform"}],"nm":"a","np":5,"cix":2,"bm":0,"ix":13,"mn":"ADBE Vector Group","hd":false},{"ty":"gr","it":[{"ind":0,"ty":"sh","ix":1,"ks":{"a":0,"k":{"i":[[0,0],[0,0],[0,0],[0,0]],"o":[[0,0],[0,0],[0,0],[0,0]],"v":[[-166.139,109.269],[-150.458,109.269],[-150.458,41.409],[-166.139,41.409]],"c":true},"ix":2},"nm":"l","mn":"ADBE Vector Shape - Group","hd":false},{"ty":"fl","c":{"a":0,"k":[1,1,1,1],"ix":4},"o":{"a":0,"k":100,"ix":5},"r":1,"bm":0,"nm":"Fill 1","mn":"ADBE Vector Graphic - Fill","hd":false},{"ty":"tr","p":{"a":0,"k":[0,0],"ix":2},"a":{"a":0,"k":[0,0],"ix":1},"s":{"a":0,"k":[100,100],"ix":3},"r":{"a":0,"k":0,"ix":6},"o":{"a":0,"k":100,"ix":7},"sk":{"a":0,"k":0,"ix":4},"sa":{"a":0,"k":0,"ix":5},"nm":"Transform"}],"nm":"l","np":3,"cix":2,"bm":0,"ix":14,"mn":"ADBE Vector Group","hd":false},{"ty":"gr","it":[{"ind":0,"ty":"sh","ix":1,"ks":{"a":0,"k":{"i":[[0,0],[0,0],[0,0],[0,0]],"o":[[0,0],[0,0],[0,0],[0,0]],"v":[[-119.974,109.269],[-104.293,109.269],[-104.293,44.894],[-119.974,44.894]],"c":true},"ix":2},"nm":"I","mn":"ADBE Vector Shape - Group","hd":false},{"ty":"fl","c":{"a":0,"k":[1,1,1,1],"ix":4},"o":{"a":0,"k":100,"ix":5},"r":1,"bm":0,"nm":"Fill 1","mn":"ADBE Vector Graphic - Fill","hd":false},{"ty":"tr","p":{"a":0,"k":[0,0],"ix":2},"a":{"a":0,"k":[0,0],"ix":1},"s":{"a":0,"k":[100,100],"ix":3},"r":{"a":0,"k":0,"ix":6},"o":{"a":0,"k":100,"ix":7},"sk":{"a":0,"k":0,"ix":4},"sa":{"a":0,"k":0,"ix":5},"nm":"Transform"}],"nm":"I","np":3,"cix":2,"bm":0,"ix":15,"mn":"ADBE Vector Group","hd":false},{"ty":"gr","it":[{"ind":0,"ty":"sh","ix":1,"ks":{"a":0,"k":{"i":[[0,0],[0,0],[0,0],[11.83,0],[3.118,-4.31],[0,0],[0,0],[0,0],[0,0],[0,0],[-5.961,0],[0,-6.969]],"o":[[0,0],[0,0],[0,-13.755],[-6.878,0],[0,0],[0,0],[0,0],[0,0],[0,0],[0,-6.969],[5.961,0],[0,0]],"v":[[-57.807,109.269],[-42.218,109.269],[-42.218,79.374],[-61.934,57.549],[-77.431,64.885],[-77.431,58.099],[-93.112,58.099],[-93.112,109.269],[-77.431,109.269],[-77.431,81.483],[-67.619,70.662],[-57.807,81.483]],"c":true},"ix":2},"nm":"n","mn":"ADBE Vector Shape - Group","hd":false},{"ty":"fl","c":{"a":0,"k":[1,1,1,1],"ix":4},"o":{"a":0,"k":100,"ix":5},"r":1,"bm":0,"nm":"Fill 1","mn":"ADBE Vector Graphic - Fill","hd":false},{"ty":"tr","p":{"a":0,"k":[0,0],"ix":2},"a":{"a":0,"k":[0,0],"ix":1},"s":{"a":0,"k":[100,100],"ix":3},"r":{"a":0,"k":0,"ix":6},"o":{"a":0,"k":100,"ix":7},"sk":{"a":0,"k":0,"ix":4},"sa":{"a":0,"k":0,"ix":5},"nm":"Transform"}],"nm":"n","np":3,"cix":2,"bm":0,"ix":16,"mn":"ADBE Vector Group","hd":false},{"ty":"gr","it":[{"ind":0,"ty":"sh","ix":1,"ks":{"a":0,"k":{"i":[[0,8.895],[0,8.161],[-3.668,0],[-0.458,-3.485],[0,0],[13.205,0],[0,-8.712],[0,-8.253],[4.035,0],[0.367,3.576],[0,0],[-13.664,0]],"o":[[-0.275,-19.074],[0,-2.476],[4.402,0],[0,0],[-1.009,-10.087],[-13.388,0],[0,18.799],[0,2.293],[-4.31,0],[0,0],[0.734,9.904],[12.838,0]],"v":[[9.801,94.413],[-18.168,72.955],[-12.483,69.012],[-4.963,74.789],[9.526,74.789],[-12.024,57.365],[-32.84,73.23],[-4.963,94.321],[-11.107,98.448],[-18.993,92.487],[-34.491,92.487],[-10.924,110.002]],"c":true},"ix":2},"nm":"s","mn":"ADBE Vector Shape - Group","hd":false},{"ty":"fl","c":{"a":0,"k":[1,1,1,1],"ix":4},"o":{"a":0,"k":100,"ix":5},"r":1,"bm":0,"nm":"Fill 1","mn":"ADBE Vector Graphic - Fill","hd":false},{"ty":"tr","p":{"a":0,"k":[0,0],"ix":2},"a":{"a":0,"k":[0,0],"ix":1},"s":{"a":0,"k":[100,100],"ix":3},"r":{"a":0,"k":0,"ix":6},"o":{"a":0,"k":100,"ix":7},"sk":{"a":0,"k":0,"ix":4},"sa":{"a":0,"k":0,"ix":5},"nm":"Transform"}],"nm":"s","np":3,"cix":2,"bm":0,"ix":17,"mn":"ADBE Vector Group","hd":false},{"ty":"gr","it":[{"ind":0,"ty":"sh","ix":1,"ks":{"a":0,"k":{"i":[[0,0],[-10.637,0],[0,0],[0,0],[0,0],[0,3.026],[0,0],[0,0],[0,0],[0,0],[0,0],[0,0],[0,0],[0,0],[0,0],[0,0]],"o":[[0,13.297],[0,0],[0,0],[0,0],[-3.485,0],[0,0],[0,0],[0,0],[0,0],[0,0],[0,0],[0,0],[0,0],[0,0],[0,0],[0,0]],"v":[[21.546,91.479],[39.611,109.269],[47.589,109.269],[47.589,95.972],[41.995,95.972],[37.227,91.662],[37.227,71.121],[47.497,71.121],[47.497,58.099],[37.227,58.099],[37.227,45.628],[21.546,45.628],[21.546,58.099],[15.31,58.099],[15.31,71.121],[21.546,71.121]],"c":true},"ix":2},"nm":"t","mn":"ADBE Vector Shape - Group","hd":false},{"ty":"fl","c":{"a":0,"k":[1,1,1,1],"ix":4},"o":{"a":0,"k":100,"ix":5},"r":1,"bm":0,"nm":"Fill 1","mn":"ADBE Vector Graphic - Fill","hd":false},{"ty":"tr","p":{"a":0,"k":[0,0],"ix":2},"a":{"a":0,"k":[0,0],"ix":1},"s":{"a":0,"k":[100,100],"ix":3},"r":{"a":0,"k":0,"ix":6},"o":{"a":0,"k":100,"ix":7},"sk":{"a":0,"k":0,"ix":4},"sa":{"a":0,"k":0,"ix":5},"nm":"Transform"}],"nm":"t","np":3,"cix":2,"bm":0,"ix":18,"mn":"ADBE Vector Group","hd":false},{"ty":"gr","it":[{"ind":0,"ty":"sh","ix":1,"ks":{"a":0,"k":{"i":[[0,0],[-7.428,0],[0,0],[0,0],[3.576,-5.41],[0,0],[0,0],[0,0],[0,0]],"o":[[0,-8.803],[0,0],[0,0],[-6.878,0],[0,0],[0,0],[0,0],[0,0],[0,0]],"v":[[71.719,85.518],[83.457,74.147],[87.767,74.147],[87.767,57.549],[71.719,66.627],[71.719,58.099],[56.038,58.099],[56.038,109.269],[71.719,109.269]],"c":true},"ix":2},"nm":"r","mn":"ADBE Vector Shape - Group","hd":false},{"ty":"fl","c":{"a":0,"k":[1,1,1,1],"ix":4},"o":{"a":0,"k":100,"ix":5},"r":1,"bm":0,"nm":"Fill 1","mn":"ADBE Vector Graphic - Fill","hd":false},{"ty":"tr","p":{"a":0,"k":[0,0],"ix":2},"a":{"a":0,"k":[0,0],"ix":1},"s":{"a":0,"k":[100,100],"ix":3},"r":{"a":0,"k":0,"ix":6},"o":{"a":0,"k":100,"ix":7},"sk":{"a":0,"k":0,"ix":4},"sa":{"a":0,"k":0,"ix":5},"nm":"Transform"}],"nm":"r","np":3,"cix":2,"bm":0,"ix":19,"mn":"ADBE Vector Group","hd":false},{"ty":"gr","it":[{"ind":0,"ty":"sh","ix":1,"ks":{"a":0,"k":{"i":[[0,0],[0,0],[0,0],[6.052,0],[0,6.969],[0,0],[0,0],[0,0],[-11.83,0],[-3.118,4.402],[0,0],[0,0]],"o":[[0,0],[0,0],[0,6.969],[-5.869,0],[0,0],[0,0],[0,0],[0,13.664],[6.878,0],[0,0],[0,0],[0,0]],"v":[[145.538,58.099],[129.857,58.099],[129.857,85.885],[119.953,96.706],[110.141,85.885],[110.141,58.099],[94.552,58.099],[94.552,87.994],[114.359,109.819],[129.857,102.299],[129.857,109.269],[145.538,109.269]],"c":true},"ix":2},"nm":"u","mn":"ADBE Vector Shape - Group","hd":false},{"ty":"fl","c":{"a":0,"k":[1,1,1,1],"ix":4},"o":{"a":0,"k":100,"ix":5},"r":1,"bm":0,"nm":"Fill 1","mn":"ADBE Vector Graphic - Fill","hd":false},{"ty":"tr","p":{"a":0,"k":[0,0],"ix":2},"a":{"a":0,"k":[0,0],"ix":1},"s":{"a":0,"k":[100,100],"ix":3},"r":{"a":0,"k":0,"ix":6},"o":{"a":0,"k":100,"ix":7},"sk":{"a":0,"k":0,"ix":4},"sa":{"a":0,"k":0,"ix":5},"nm":"Transform"}],"nm":"u","np":3,"cix":2,"bm":0,"ix":20,"mn":"ADBE Vector Group","hd":false},{"ty":"gr","it":[{"ind":0,"ty":"sh","ix":1,"ks":{"a":0,"k":{"i":[[0,0],[0,0],[0,0],[12.655,0],[3.393,-5.41],[7.703,0],[3.026,-4.127],[0,0],[0,0],[0,0],[0,0],[0,0],[-5.961,0],[0,-6.694],[0,0],[0,0],[0,0],[-5.961,0],[0,-6.694]],"o":[[0,0],[0,0],[0,-13.755],[-7.428,0],[-3.485,-6.144],[-6.694,0],[0,0],[0,0],[0,0],[0,0],[0,0],[0,-6.694],[5.961,0],[0,0],[0,0],[0,0],[0,-6.694],[5.961,0],[0,0]],"v":[[226.901,109.269],[242.491,109.269],[242.491,79.374],[221.674,57.549],[204.434,67.086],[187.011,57.549],[172.064,64.518],[172.064,58.099],[156.382,58.099],[156.382,109.269],[172.064,109.269],[172.064,81.483],[181.876,71.121],[191.688,81.483],[191.688,109.269],[207.277,109.269],[207.277,81.483],[217.089,71.121],[226.901,81.483]],"c":true},"ix":2},"nm":"m","mn":"ADBE Vector Shape - Group","hd":false},{"ty":"fl","c":{"a":0,"k":[1,1,1,1],"ix":4},"o":{"a":0,"k":100,"ix":5},"r":1,"bm":0,"nm":"Fill 1","mn":"ADBE Vector Graphic - Fill","hd":false},{"ty":"tr","p":{"a":0,"k":[0,0],"ix":2},"a":{"a":0,"k":[0,0],"ix":1},"s":{"a":0,"k":[100,100],"ix":3},"r":{"a":0,"k":0,"ix":6},"o":{"a":0,"k":100,"ix":7},"sk":{"a":0,"k":0,"ix":4},"sa":{"a":0,"k":0,"ix":5},"nm":"Transform"}],"nm":"m","np":3,"cix":2,"bm":0,"ix":21,"mn":"ADBE Vector Group","hd":false},{"ty":"gr","it":[{"ind":0,"ty":"sh","ix":1,"ks":{"a":0,"k":{"i":[[-5.135,0],[0,-5.594],[0,0]],"o":[[5.227,0],[0,0],[0.917,-5.686]],"v":[[275.37,69.929],[284.999,78.732],[265.374,78.732]],"c":true},"ix":2},"nm":"e","mn":"ADBE Vector Shape - Group","hd":false},{"ind":1,"ty":"sh","ix":2,"ks":{"a":0,"k":{"i":[[-2.476,9.996],[0,0],[4.402,0],[0.55,6.694],[0,0],[0,1.467],[14.947,0],[0,-16.231],[-15.039,0]],"o":[[0,0],[-1.284,2.751],[-5.044,0],[0,0],[0.183,-1.559],[0,-15.589],[-15.223,0],[0,16.231],[12.747,0]],"v":[[299.854,92.304],[283.165,92.304],[275.003,97.256],[265.283,87.444],[300.771,87.444],[301.047,82.859],[275.553,57.365],[249.693,83.684],[275.553,110.002]],"c":true},"ix":2},"nm":"e","mn":"ADBE Vector Shape - Group","hd":false},{"ty":"mm","mm":1,"nm":"Merge Paths 1","mn":"ADBE Vector Filter - Merge","hd":false},{"ty":"fl","c":{"a":0,"k":[1,1,1,1],"ix":4},"o":{"a":0,"k":100,"ix":5},"r":1,"bm":0,"nm":"Fill 1","mn":"ADBE Vector Graphic - Fill","hd":false},{"ty":"tr","p":{"a":0,"k":[0,0],"ix":2},"a":{"a":0,"k":[0,0],"ix":1},"s":{"a":0,"k":[100,100],"ix":3},"r":{"a":0,"k":0,"ix":6},"o":{"a":0,"k":100,"ix":7},"sk":{"a":0,"k":0,"ix":4},"sa":{"a":0,"k":0,"ix":5},"nm":"Transform"}],"nm":"e","np":5,"cix":2,"bm":0,"ix":22,"mn":"ADBE Vector Group","hd":false},{"ty":"gr","it":[{"ind":0,"ty":"sh","ix":1,"ks":{"a":0,"k":{"i":[[0,0],[0,0],[0,0],[11.83,0],[3.118,-4.31],[0,0],[0,0],[0,0],[0,0],[0,0],[-5.961,0],[0,-6.969]],"o":[[0,0],[0,0],[0,-13.755],[-6.878,0],[0,0],[0,0],[0,0],[0,0],[0,0],[0,-6.969],[5.961,0],[0,0]],"v":[[344.208,109.269],[359.797,109.269],[359.797,79.374],[340.081,57.549],[324.583,64.885],[324.583,58.099],[308.902,58.099],[308.902,109.269],[324.583,109.269],[324.583,81.483],[334.395,70.662],[344.208,81.483]],"c":true},"ix":2},"nm":"n","mn":"ADBE Vector Shape - Group","hd":false},{"ty":"fl","c":{"a":0,"k":[1,1,1,1],"ix":4},"o":{"a":0,"k":100,"ix":5},"r":1,"bm":0,"nm":"Fill 1","mn":"ADBE Vector Graphic - Fill","hd":false},{"ty":"tr","p":{"a":0,"k":[0,0],"ix":2},"a":{"a":0,"k":[0,0],"ix":1},"s":{"a":0,"k":[100,100],"ix":3},"r":{"a":0,"k":0,"ix":6},"o":{"a":0,"k":100,"ix":7},"sk":{"a":0,"k":0,"ix":4},"sa":{"a":0,"k":0,"ix":5},"nm":"Transform"}],"nm":"n","np":3,"cix":2,"bm":0,"ix":23,"mn":"ADBE Vector Group","hd":false},{"ty":"gr","it":[{"ind":0,"ty":"sh","ix":1,"ks":{"a":0,"k":{"i":[[0,0],[-10.637,0],[0,0],[0,0],[0,0],[0,3.026],[0,0],[0,0],[0,0],[0,0],[0,0],[0,0],[0,0],[0,0],[0,0],[0,0]],"o":[[0,13.297],[0,0],[0,0],[0,0],[-3.485,0],[0,0],[0,0],[0,0],[0,0],[0,0],[0,0],[0,0],[0,0],[0,0],[0,0],[0,0]],"v":[[372.751,91.479],[390.816,109.269],[398.794,109.269],[398.794,95.972],[393.2,95.972],[388.432,91.662],[388.432,71.121],[398.702,71.121],[398.702,58.099],[388.432,58.099],[388.432,45.628],[372.751,45.628],[372.751,58.099],[366.515,58.099],[366.515,71.121],[372.751,71.121]],"c":true},"ix":2},"nm":"t","mn":"ADBE Vector Shape - Group","hd":false},{"ty":"fl","c":{"a":0,"k":[1,1,1,1],"ix":4},"o":{"a":0,"k":100,"ix":5},"r":1,"bm":0,"nm":"Fill 1","mn":"ADBE Vector Graphic - Fill","hd":false},{"ty":"tr","p":{"a":0,"k":[0,0],"ix":2},"a":{"a":0,"k":[0,0],"ix":1},"s":{"a":0,"k":[100,100],"ix":3},"r":{"a":0,"k":0,"ix":6},"o":{"a":0,"k":100,"ix":7},"sk":{"a":0,"k":0,"ix":4},"sa":{"a":0,"k":0,"ix":5},"nm":"Transform"}],"nm":"t","np":3,"cix":2,"bm":0,"ix":24,"mn":"ADBE Vector Group","hd":false},{"ty":"gr","it":[{"ind":0,"ty":"sh","ix":1,"ks":{"a":0,"k":{"i":[[0,8.895],[0,8.161],[-3.668,0],[-0.458,-3.485],[0,0],[13.205,0],[0,-8.712],[0,-8.253],[4.035,0],[0.367,3.576],[0,0],[-13.664,0]],"o":[[-0.275,-19.074],[0,-2.476],[4.402,0],[0,0],[-1.009,-10.087],[-13.388,0],[0,18.799],[0,2.293],[-4.31,0],[0,0],[0.734,9.904],[12.838,0]],"v":[[448.784,94.413],[420.815,72.955],[426.5,69.012],[434.02,74.789],[448.509,74.789],[426.959,57.365],[406.143,73.23],[434.02,94.321],[427.876,98.448],[419.99,92.487],[404.492,92.487],[428.059,110.002]],"c":true},"ix":2},"nm":"s","mn":"ADBE Vector Shape - Group","hd":false},{"ty":"fl","c":{"a":0,"k":[1,1,1,1],"ix":4},"o":{"a":0,"k":100,"ix":5},"r":1,"bm":0,"nm":"Fill 1","mn":"ADBE Vector Graphic - Fill","hd":false},{"ty":"tr","p":{"a":0,"k":[0,0],"ix":2},"a":{"a":0,"k":[0,0],"ix":1},"s":{"a":0,"k":[100,100],"ix":3},"r":{"a":0,"k":0,"ix":6},"o":{"a":0,"k":100,"ix":7},"sk":{"a":0,"k":0,"ix":4},"sa":{"a":0,"k":0,"ix":5},"nm":"Transform"}],"nm":"s","np":3,"cix":2,"bm":0,"ix":25,"mn":"ADBE Vector Group","hd":false},{"ty":"gr","it":[{"ind":0,"ty":"sh","ix":1,"ks":{"a":0,"k":{"i":[[0,0],[0,0],[0,0],[0,0],[0,0],[0,0],[0,0],[0,0],[0,0],[0,0]],"o":[[0,0],[0,0],[0,0],[0,0],[0,0],[0,0],[0,0],[0,0],[0,0],[0,0]],"v":[[-405.799,218.538],[-390.118,218.538],[-390.118,192.494],[-370.493,192.494],[-370.493,180.298],[-390.118,180.298],[-390.118,166.726],[-363.891,166.726],[-363.891,154.163],[-405.799,154.163]],"c":true},"ix":2},"nm":"F","mn":"ADBE Vector Shape - Group","hd":false},{"ty":"fl","c":{"a":0,"k":[1,1,1,1],"ix":4},"o":{"a":0,"k":100,"ix":5},"r":1,"bm":0,"nm":"Fill 1","mn":"ADBE Vector Graphic - Fill","hd":false},{"ty":"tr","p":{"a":0,"k":[0,0],"ix":2},"a":{"a":0,"k":[0,0],"ix":1},"s":{"a":0,"k":[100,100],"ix":3},"r":{"a":0,"k":0,"ix":6},"o":{"a":0,"k":100,"ix":7},"sk":{"a":0,"k":0,"ix":4},"sa":{"a":0,"k":0,"ix":5},"nm":"Transform"}],"nm":"F","np":3,"cix":2,"bm":0,"ix":26,"mn":"ADBE Vector Group","hd":false},{"ty":"gr","it":[{"ind":0,"ty":"sh","ix":1,"ks":{"a":0,"k":{"i":[[0,16.231],[15.039,0],[0,-16.231],[-15.039,0]],"o":[[0,-16.231],[-14.947,0],[0,16.231],[15.039,0]],"v":[[-305.921,192.953],[-332.515,166.634],[-359.108,192.953],[-332.698,219.271]],"c":true},"ix":2},"nm":"o","mn":"ADBE Vector Shape - Group","hd":false},{"ind":1,"ty":"sh","ix":2,"ks":{"a":0,"k":{"i":[[0,8.62],[-5.686,0],[0,-8.712],[5.594,0]],"o":[[0,-8.712],[5.502,0],[0,8.62],[-5.686,0]],"v":[[-343.152,192.953],[-332.515,180.206],[-321.877,192.953],[-332.698,205.699]],"c":true},"ix":2},"nm":"o","mn":"ADBE Vector Shape - Group","hd":false},{"ty":"mm","mm":1,"nm":"Merge Paths 1","mn":"ADBE Vector Filter - Merge","hd":false},{"ty":"fl","c":{"a":0,"k":[1,1,1,1],"ix":4},"o":{"a":0,"k":100,"ix":5},"r":1,"bm":0,"nm":"Fill 1","mn":"ADBE Vector Graphic - Fill","hd":false},{"ty":"tr","p":{"a":0,"k":[0,0],"ix":2},"a":{"a":0,"k":[0,0],"ix":1},"s":{"a":0,"k":[100,100],"ix":3},"r":{"a":0,"k":0,"ix":6},"o":{"a":0,"k":100,"ix":7},"sk":{"a":0,"k":0,"ix":4},"sa":{"a":0,"k":0,"ix":5},"nm":"Transform"}],"nm":"o","np":5,"cix":2,"bm":0,"ix":27,"mn":"ADBE Vector Group","hd":false},{"ty":"gr","it":[{"ind":0,"ty":"sh","ix":1,"ks":{"a":0,"k":{"i":[[0,0],[-7.428,0],[0,0],[0,0],[3.576,-5.41],[0,0],[0,0],[0,0],[0,0]],"o":[[0,-8.803],[0,0],[0,0],[-6.878,0],[0,0],[0,0],[0,0],[0,0],[0,0]],"v":[[-282.307,194.787],[-270.569,183.416],[-266.259,183.416],[-266.259,166.818],[-282.307,175.896],[-282.307,167.368],[-297.988,167.368],[-297.988,218.538],[-282.307,218.538]],"c":true},"ix":2},"nm":"r","mn":"ADBE Vector Shape - Group","hd":false},{"ty":"fl","c":{"a":0,"k":[1,1,1,1],"ix":4},"o":{"a":0,"k":100,"ix":5},"r":1,"bm":0,"nm":"Fill 1","mn":"ADBE Vector Graphic - Fill","hd":false},{"ty":"tr","p":{"a":0,"k":[0,0],"ix":2},"a":{"a":0,"k":[0,0],"ix":1},"s":{"a":0,"k":[100,100],"ix":3},"r":{"a":0,"k":0,"ix":6},"o":{"a":0,"k":100,"ix":7},"sk":{"a":0,"k":0,"ix":4},"sa":{"a":0,"k":0,"ix":5},"nm":"Transform"}],"nm":"r","np":3,"cix":2,"bm":0,"ix":28,"mn":"ADBE Vector Group","hd":false},{"ty":"gr","it":[{"ind":0,"ty":"sh","ix":1,"ks":{"a":0,"k":{"i":[[0,0],[0,0],[0,0],[0,0],[0,0],[0,0],[0,0],[0,0],[0,0]],"o":[[0,0],[0,0],[0,0],[0,0],[0,0],[0,0],[0,0],[0,0],[0,0]],"v":[[-222.472,197.263],[-222.472,218.538],[-206.791,218.538],[-206.791,197.263],[-184.508,154.163],[-202.115,154.163],[-214.494,181.123],[-226.966,154.163],[-244.756,154.163]],"c":true},"ix":2},"nm":"Y","mn":"ADBE Vector Shape - Group","hd":false},{"ty":"fl","c":{"a":0,"k":[1,1,1,1],"ix":4},"o":{"a":0,"k":100,"ix":5},"r":1,"bm":0,"nm":"Fill 1","mn":"ADBE Vector Graphic - Fill","hd":false},{"ty":"tr","p":{"a":0,"k":[0,0],"ix":2},"a":{"a":0,"k":[0,0],"ix":1},"s":{"a":0,"k":[100,100],"ix":3},"r":{"a":0,"k":0,"ix":6},"o":{"a":0,"k":100,"ix":7},"sk":{"a":0,"k":0,"ix":4},"sa":{"a":0,"k":0,"ix":5},"nm":"Transform"}],"nm":"Y","np":3,"cix":2,"bm":0,"ix":29,"mn":"ADBE Vector Group","hd":false},{"ty":"gr","it":[{"ind":0,"ty":"sh","ix":1,"ks":{"a":0,"k":{"i":[[0,16.231],[15.039,0],[0,-16.231],[-15.039,0]],"o":[[0,-16.231],[-14.947,0],[0,16.231],[15.039,0]],"v":[[-128.545,192.953],[-155.138,166.634],[-181.732,192.953],[-155.322,219.271]],"c":true},"ix":2},"nm":"o","mn":"ADBE Vector Shape - Group","hd":false},{"ind":1,"ty":"sh","ix":2,"ks":{"a":0,"k":{"i":[[0,8.62],[-5.686,0],[0,-8.712],[5.594,0]],"o":[[0,-8.712],[5.502,0],[0,8.62],[-5.686,0]],"v":[[-165.776,192.953],[-155.138,180.206],[-144.501,192.953],[-155.322,205.699]],"c":true},"ix":2},"nm":"o","mn":"ADBE Vector Shape - Group","hd":false},{"ty":"mm","mm":1,"nm":"Merge Paths 1","mn":"ADBE Vector Filter - Merge","hd":false},{"ty":"fl","c":{"a":0,"k":[1,1,1,1],"ix":4},"o":{"a":0,"k":100,"ix":5},"r":1,"bm":0,"nm":"Fill 1","mn":"ADBE Vector Graphic - Fill","hd":false},{"ty":"tr","p":{"a":0,"k":[0,0],"ix":2},"a":{"a":0,"k":[0,0],"ix":1},"s":{"a":0,"k":[100,100],"ix":3},"r":{"a":0,"k":0,"ix":6},"o":{"a":0,"k":100,"ix":7},"sk":{"a":0,"k":0,"ix":4},"sa":{"a":0,"k":0,"ix":5},"nm":"Transform"}],"nm":"o","np":5,"cix":2,"bm":0,"ix":30,"mn":"ADBE Vector Group","hd":false},{"ty":"gr","it":[{"ind":0,"ty":"sh","ix":1,"ks":{"a":0,"k":{"i":[[0,0],[0,0],[0,0],[6.052,0],[0,6.969],[0,0],[0,0],[0,0],[-11.83,0],[-3.118,4.402],[0,0],[0,0]],"o":[[0,0],[0,0],[0,6.969],[-5.869,0],[0,0],[0,0],[0,0],[0,13.664],[6.878,0],[0,0],[0,0],[0,0]],"v":[[-70.083,167.368],[-85.764,167.368],[-85.764,195.154],[-95.668,205.974],[-105.48,195.154],[-105.48,167.368],[-121.07,167.368],[-121.07,197.263],[-101.262,219.088],[-85.764,211.568],[-85.764,218.538],[-70.083,218.538]],"c":true},"ix":2},"nm":"u","mn":"ADBE Vector Shape - Group","hd":false},{"ty":"fl","c":{"a":0,"k":[1,1,1,1],"ix":4},"o":{"a":0,"k":100,"ix":5},"r":1,"bm":0,"nm":"Fill 1","mn":"ADBE Vector Graphic - Fill","hd":false},{"ty":"tr","p":{"a":0,"k":[0,0],"ix":2},"a":{"a":0,"k":[0,0],"ix":1},"s":{"a":0,"k":[100,100],"ix":3},"r":{"a":0,"k":0,"ix":6},"o":{"a":0,"k":100,"ix":7},"sk":{"a":0,"k":0,"ix":4},"sa":{"a":0,"k":0,"ix":5},"nm":"Transform"}],"nm":"u","np":3,"cix":2,"bm":0,"ix":31,"mn":"ADBE Vector Group","hd":false},{"ty":"gr","it":[{"ind":0,"ty":"sh","ix":1,"ks":{"a":0,"k":{"i":[[0,0],[-7.428,0],[0,0],[0,0],[3.576,-5.41],[0,0],[0,0],[0,0],[0,0]],"o":[[0,-8.803],[0,0],[0,0],[-6.878,0],[0,0],[0,0],[0,0],[0,0],[0,0]],"v":[[-43.558,194.787],[-31.82,183.416],[-27.51,183.416],[-27.51,166.818],[-43.558,175.896],[-43.558,167.368],[-59.239,167.368],[-59.239,218.538],[-43.558,218.538]],"c":true},"ix":2},"nm":"r","mn":"ADBE Vector Shape - Group","hd":false},{"ty":"fl","c":{"a":0,"k":[1,1,1,1],"ix":4},"o":{"a":0,"k":100,"ix":5},"r":1,"bm":0,"nm":"Fill 1","mn":"ADBE Vector Graphic - Fill","hd":false},{"ty":"tr","p":{"a":0,"k":[0,0],"ix":2},"a":{"a":0,"k":[0,0],"ix":1},"s":{"a":0,"k":[100,100],"ix":3},"r":{"a":0,"k":0,"ix":6},"o":{"a":0,"k":100,"ix":7},"sk":{"a":0,"k":0,"ix":4},"sa":{"a":0,"k":0,"ix":5},"nm":"Transform"}],"nm":"r","np":3,"cix":2,"bm":0,"ix":32,"mn":"ADBE Vector Group","hd":false},{"ty":"gr","it":[{"ind":0,"ty":"sh","ix":1,"ks":{"a":0,"k":{"i":[[0,-4.585],[5.227,0],[0,0],[0,0],[0,0]],"o":[[0,4.585],[0,0],[0,0],[0,0],[5.227,0]],"v":[[34.525,198.913],[26.272,205.883],[14.718,205.883],[14.718,191.669],[26.089,191.669]],"c":true},"ix":2},"nm":"B","mn":"ADBE Vector Shape - Group","hd":false},{"ind":1,"ty":"sh","ix":2,"ks":{"a":0,"k":{"i":[[0,-4.402],[5.135,0],[0,0],[0,0],[0,0]],"o":[[0,4.402],[0,0],[0,0],[0,0],[5.135,0]],"v":[[32.966,173.512],[24.988,180.206],[14.718,180.206],[14.718,166.726],[24.988,166.726]],"c":true},"ix":2},"nm":"B","mn":"ADBE Vector Shape - Group","hd":false},{"ind":2,"ty":"sh","ix":3,"ks":{"a":0,"k":{"i":[[0,10.637],[7.52,1.559],[0,7.795],[13.113,0],[0,0],[0,0],[0,0]],"o":[[0,-7.336],[6.236,-1.834],[0,-10.179],[0,0],[0,0],[0,0],[13.572,0]],"v":[[50.39,201.022],[38.01,185.525],[48.922,170.852],[28.014,154.163],[-0.964,154.163],[-0.964,218.538],[29.023,218.538]],"c":true},"ix":2},"nm":"B","mn":"ADBE Vector Shape - Group","hd":false},{"ty":"mm","mm":1,"nm":"Merge Paths 1","mn":"ADBE Vector Filter - Merge","hd":false},{"ty":"fl","c":{"a":0,"k":[1,1,1,1],"ix":4},"o":{"a":0,"k":100,"ix":5},"r":1,"bm":0,"nm":"Fill 1","mn":"ADBE Vector Graphic - Fill","hd":false},{"ty":"tr","p":{"a":0,"k":[0,0],"ix":2},"a":{"a":0,"k":[0,0],"ix":1},"s":{"a":0,"k":[100,100],"ix":3},"r":{"a":0,"k":0,"ix":6},"o":{"a":0,"k":100,"ix":7},"sk":{"a":0,"k":0,"ix":4},"sa":{"a":0,"k":0,"ix":5},"nm":"Transform"}],"nm":"B","np":6,"cix":2,"bm":0,"ix":33,"mn":"ADBE Vector Group","hd":false},{"ty":"gr","it":[{"ind":0,"ty":"sh","ix":1,"ks":{"a":0,"k":{"i":[[0,0],[0,0],[0,0],[6.052,0],[0,6.969],[0,0],[0,0],[0,0],[-11.83,0],[-3.118,4.402],[0,0],[0,0]],"o":[[0,0],[0,0],[0,6.969],[-5.869,0],[0,0],[0,0],[0,0],[0,13.664],[6.878,0],[0,0],[0,0],[0,0]],"v":[[109.571,167.368],[93.89,167.368],[93.89,195.154],[83.986,205.974],[74.174,195.154],[74.174,167.368],[58.584,167.368],[58.584,197.263],[78.392,219.088],[93.89,211.568],[93.89,218.538],[109.571,218.538]],"c":true},"ix":2},"nm":"u","mn":"ADBE Vector Shape - Group","hd":false},{"ty":"fl","c":{"a":0,"k":[1,1,1,1],"ix":4},"o":{"a":0,"k":100,"ix":5},"r":1,"bm":0,"nm":"Fill 1","mn":"ADBE Vector Graphic - Fill","hd":false},{"ty":"tr","p":{"a":0,"k":[0,0],"ix":2},"a":{"a":0,"k":[0,0],"ix":1},"s":{"a":0,"k":[100,100],"ix":3},"r":{"a":0,"k":0,"ix":6},"o":{"a":0,"k":100,"ix":7},"sk":{"a":0,"k":0,"ix":4},"sa":{"a":0,"k":0,"ix":5},"nm":"Transform"}],"nm":"u","np":3,"cix":2,"bm":0,"ix":34,"mn":"ADBE Vector Group","hd":false},{"ty":"gr","it":[{"ind":0,"ty":"sh","ix":1,"ks":{"a":0,"k":{"i":[[0,8.895],[0,8.161],[-3.668,0],[-0.459,-3.485],[0,0],[13.205,0],[0,-8.712],[0,-8.253],[4.035,0],[0.367,3.576],[0,0],[-13.664,0]],"o":[[-0.275,-19.074],[0,-2.476],[4.402,0],[0,0],[-1.009,-10.087],[-13.388,0],[0,18.799],[0,2.293],[-4.31,0],[0,0],[0.734,9.904],[12.838,0]],"v":[[161.956,203.682],[133.987,182.224],[139.673,178.28],[147.192,184.058],[161.681,184.058],[140.131,166.634],[119.315,182.499],[147.192,203.59],[141.048,207.717],[133.162,201.756],[117.664,201.756],[141.231,219.271]],"c":true},"ix":2},"nm":"s","mn":"ADBE Vector Shape - Group","hd":false},{"ty":"fl","c":{"a":0,"k":[1,1,1,1],"ix":4},"o":{"a":0,"k":100,"ix":5},"r":1,"bm":0,"nm":"Fill 1","mn":"ADBE Vector Graphic - Fill","hd":false},{"ty":"tr","p":{"a":0,"k":[0,0],"ix":2},"a":{"a":0,"k":[0,0],"ix":1},"s":{"a":0,"k":[100,100],"ix":3},"r":{"a":0,"k":0,"ix":6},"o":{"a":0,"k":100,"ix":7},"sk":{"a":0,"k":0,"ix":4},"sa":{"a":0,"k":0,"ix":5},"nm":"Transform"}],"nm":"s","np":3,"cix":2,"bm":0,"ix":35,"mn":"ADBE Vector Group","hd":false},{"ty":"gr","it":[{"ind":0,"ty":"sh","ix":1,"ks":{"a":0,"k":{"i":[[0,0],[0,0],[0,0],[0,0]],"o":[[0,0],[0,0],[0,0],[0,0]],"v":[[171.225,218.538],[186.906,218.538],[186.906,167.368],[171.225,167.368]],"c":true},"ix":2},"nm":"i","mn":"ADBE Vector Shape - Group","hd":false},{"ind":1,"ty":"sh","ix":2,"ks":{"a":0,"k":{"i":[[-5.594,0],[0,4.677],[5.502,0],[0,-4.769]],"o":[[5.502,0],[0,-4.769],[-5.594,0],[0,4.677]],"v":[[179.111,162.049],[188.373,153.613],[179.111,145.084],[169.758,153.613]],"c":true},"ix":2},"nm":"i","mn":"ADBE Vector Shape - Group","hd":false},{"ty":"mm","mm":1,"nm":"Merge Paths 1","mn":"ADBE Vector Filter - Merge","hd":false},{"ty":"fl","c":{"a":0,"k":[1,1,1,1],"ix":4},"o":{"a":0,"k":100,"ix":5},"r":1,"bm":0,"nm":"Fill 1","mn":"ADBE Vector Graphic - Fill","hd":false},{"ty":"tr","p":{"a":0,"k":[0,0],"ix":2},"a":{"a":0,"k":[0,0],"ix":1},"s":{"a":0,"k":[100,100],"ix":3},"r":{"a":0,"k":0,"ix":6},"o":{"a":0,"k":100,"ix":7},"sk":{"a":0,"k":0,"ix":4},"sa":{"a":0,"k":0,"ix":5},"nm":"Transform"}],"nm":"i","np":5,"cix":2,"bm":0,"ix":36,"mn":"ADBE Vector Group","hd":false},{"ty":"gr","it":[{"ind":0,"ty":"sh","ix":1,"ks":{"a":0,"k":{"i":[[0,0],[0,0],[0,0],[11.83,0],[3.118,-4.31],[0,0],[0,0],[0,0],[0,0],[0,0],[-5.961,0],[0,-6.969]],"o":[[0,0],[0,0],[0,-13.755],[-6.878,0],[0,0],[0,0],[0,0],[0,0],[0,0],[0,-6.969],[5.961,0],[0,0]],"v":[[233.392,218.538],[248.981,218.538],[248.981,188.643],[229.265,166.818],[213.768,174.154],[213.768,167.368],[198.087,167.368],[198.087,218.538],[213.768,218.538],[213.768,190.752],[223.58,179.931],[233.392,190.752]],"c":true},"ix":2},"nm":"n","mn":"ADBE Vector Shape - Group","hd":false},{"ty":"fl","c":{"a":0,"k":[1,1,1,1],"ix":4},"o":{"a":0,"k":100,"ix":5},"r":1,"bm":0,"nm":"Fill 1","mn":"ADBE Vector Graphic - Fill","hd":false},{"ty":"tr","p":{"a":0,"k":[0,0],"ix":2},"a":{"a":0,"k":[0,0],"ix":1},"s":{"a":0,"k":[100,100],"ix":3},"r":{"a":0,"k":0,"ix":6},"o":{"a":0,"k":100,"ix":7},"sk":{"a":0,"k":0,"ix":4},"sa":{"a":0,"k":0,"ix":5},"nm":"Transform"}],"nm":"n","np":3,"cix":2,"bm":0,"ix":37,"mn":"ADBE Vector Group","hd":false},{"ty":"gr","it":[{"ind":0,"ty":"sh","ix":1,"ks":{"a":0,"k":{"i":[[-5.135,0],[0,-5.594],[0,0]],"o":[[5.227,0],[0,0],[0.917,-5.686]],"v":[[282.018,179.197],[291.646,188.001],[272.022,188.001]],"c":true},"ix":2},"nm":"e","mn":"ADBE Vector Shape - Group","hd":false},{"ind":1,"ty":"sh","ix":2,"ks":{"a":0,"k":{"i":[[-2.476,9.996],[0,0],[4.402,0],[0.55,6.694],[0,0],[0,1.467],[14.947,0],[0,-16.231],[-15.039,0]],"o":[[0,0],[-1.284,2.751],[-5.044,0],[0,0],[0.183,-1.559],[0,-15.589],[-15.223,0],[0,16.231],[12.747,0]],"v":[[306.502,201.573],[289.812,201.573],[281.651,206.525],[271.93,196.712],[307.419,196.712],[307.694,192.127],[282.201,166.634],[256.341,192.953],[282.201,219.271]],"c":true},"ix":2},"nm":"e","mn":"ADBE Vector Shape - Group","hd":false},{"ty":"mm","mm":1,"nm":"Merge Paths 1","mn":"ADBE Vector Filter - Merge","hd":false},{"ty":"fl","c":{"a":0,"k":[1,1,1,1],"ix":4},"o":{"a":0,"k":100,"ix":5},"r":1,"bm":0,"nm":"Fill 1","mn":"ADBE Vector Graphic - Fill","hd":false},{"ty":"tr","p":{"a":0,"k":[0,0],"ix":2},"a":{"a":0,"k":[0,0],"ix":1},"s":{"a":0,"k":[100,100],"ix":3},"r":{"a":0,"k":0,"ix":6},"o":{"a":0,"k":100,"ix":7},"sk":{"a":0,"k":0,"ix":4},"sa":{"a":0,"k":0,"ix":5},"nm":"Transform"}],"nm":"e","np":5,"cix":2,"bm":0,"ix":38,"mn":"ADBE Vector Group","hd":false},{"ty":"gr","it":[{"ind":0,"ty":"sh","ix":1,"ks":{"a":0,"k":{"i":[[0,8.895],[0,8.161],[-3.668,0],[-0.458,-3.485],[0,0],[13.205,0],[0,-8.712],[0,-8.253],[4.035,0],[0.367,3.576],[0,0],[-13.664,0]],"o":[[-0.275,-19.074],[0,-2.476],[4.402,0],[0,0],[-1.009,-10.087],[-13.388,0],[0,18.799],[0,2.293],[-4.31,0],[0,0],[0.734,9.904],[12.838,0]],"v":[[357.091,203.682],[329.122,182.224],[334.807,178.28],[342.327,184.058],[356.816,184.058],[335.266,166.634],[314.45,182.499],[342.327,203.59],[336.183,207.717],[328.297,201.756],[312.799,201.756],[336.366,219.271]],"c":true},"ix":2},"nm":"s","mn":"ADBE Vector Shape - Group","hd":false},{"ty":"fl","c":{"a":0,"k":[1,1,1,1],"ix":4},"o":{"a":0,"k":100,"ix":5},"r":1,"bm":0,"nm":"Fill 1","mn":"ADBE Vector Graphic - Fill","hd":false},{"ty":"tr","p":{"a":0,"k":[0,0],"ix":2},"a":{"a":0,"k":[0,0],"ix":1},"s":{"a":0,"k":[100,100],"ix":3},"r":{"a":0,"k":0,"ix":6},"o":{"a":0,"k":100,"ix":7},"sk":{"a":0,"k":0,"ix":4},"sa":{"a":0,"k":0,"ix":5},"nm":"Transform"}],"nm":"s","np":3,"cix":2,"bm":0,"ix":39,"mn":"ADBE Vector Group","hd":false},{"ty":"gr","it":[{"ind":0,"ty":"sh","ix":1,"ks":{"a":0,"k":{"i":[[0,8.895],[0,8.161],[-3.668,0],[-0.458,-3.485],[0,0],[13.205,0],[0,-8.712],[0,-8.253],[4.035,0],[0.367,3.576],[0,0],[-13.664,0]],"o":[[-0.275,-19.074],[0,-2.476],[4.402,0],[0,0],[-1.009,-10.087],[-13.388,0],[0,18.799],[0,2.293],[-4.31,0],[0,0],[0.734,9.904],[12.838,0]],"v":[[407.901,203.682],[379.932,182.224],[385.617,178.28],[393.137,184.058],[407.626,184.058],[386.076,166.634],[365.259,182.499],[393.137,203.59],[386.993,207.717],[379.106,201.756],[363.609,201.756],[387.176,219.271]],"c":true},"ix":2},"nm":"s","mn":"ADBE Vector Shape - Group","hd":false},{"ty":"fl","c":{"a":0,"k":[1,1,1,1],"ix":4},"o":{"a":0,"k":100,"ix":5},"r":1,"bm":0,"nm":"Fill 1","mn":"ADBE Vector Graphic - Fill","hd":false},{"ty":"tr","p":{"a":0,"k":[0,0],"ix":2},"a":{"a":0,"k":[0,0],"ix":1},"s":{"a":0,"k":[100,100],"ix":3},"r":{"a":0,"k":0,"ix":6},"o":{"a":0,"k":100,"ix":7},"sk":{"a":0,"k":0,"ix":4},"sa":{"a":0,"k":0,"ix":5},"nm":"Transform"}],"nm":"s","np":3,"cix":2,"bm":0,"ix":40,"mn":"ADBE Vector Group","hd":false}],"ip":0,"op":250,"st":0,"bm":0}],"markers":[]}